# ine	name	frame	N	envBefore	envAfter	envΔ	ovBefore	ovAfter	ovΔ	ladderBefore	ladderAfter	ladderΔ	ladderSelected	attribution	value	heightParcelsMoved	heightMeanΔm	heightDirection
08015	Badalona	SAMPLE	3000	69.47	69.47	0	55.43	55.43	0	14.03	14.03	0	BADALONA_DOGC5224	ATTRIBUTION-WRONG	VALUE-CORRECT	0	0	NO CHANGE
08019	Barcelona	SAMPLE	3000	34.03	34.03	0	6.7	6.7	0	27.33	27.33	0	BARCELONA_MPGM2007	ATTRIBUTION-CORRECT	VALUE-CORRECT	0	0	NO CHANGE
08020	Begues	CENSUS	3386	61.4	61.4	0	8.83	8.83	0	0	0	0	REFUSE_UNKNOWN	ATTRIBUTION-WRONG	VALUE-UNDETERMINED	0		NO CHANGE
08054	Castellbisbal	CENSUS	4861	45.48	45.48	0	6.5	6.5	0	0	0	0	REFUSE_UNKNOWN	ATTRIBUTION-WRONG	VALUE-UNDETERMINED	0		NO CHANGE
08056	Castelldefels	SAMPLE	3000	73.7	73.7	0	9	9	0	64.7	64.7	0	BASE_METROPOLITAN	ATTRIBUTION-WRONG	VALUE-WRONG	196	-1.421	DOWN — the product OVER-GRANTS height today; the base ladder is LOWER
08068	Cervelló	CENSUS	4892	65.52	65.52	0	4.44	4.44	0	0	0	0	REFUSE_UNKNOWN	ATTRIBUTION-WRONG	VALUE-UNDETERMINED	0		NO CHANGE
08072	Corbera de Llobregat	SAMPLE	3000	81.67	81.67	0	4.1	4.1	0	0	0	0	REFUSE_UNKNOWN	ATTRIBUTION-WRONG	VALUE-UNDETERMINED	0		NO CHANGE
08073	Cornellà de Llobregat	CENSUS	4838	64.37	64.37	0	56.43	56.43	0	7.94	7.94	0	BASE_METROPOLITAN	ATTRIBUTION-WRONG	VALUE-WRONG	2164	-1.347	DOWN — the product OVER-GRANTS height today; the base ladder is LOWER
08077	Esplugues de Llobregat	CENSUS	2947	61.28	61.28	0	39.87	39.87	0	21.41	21.41	0	BASE_METROPOLITAN	ATTRIBUTION-WRONG	VALUE-WRONG	765	-1.046	DOWN — the product OVER-GRANTS height today; the base ladder is LOWER
08089	Gavà	SAMPLE	3000	42.8	42.8	0	31.53	31.53	0	11.27	11.27	0	BASE_METROPOLITAN	ATTRIBUTION-WRONG	VALUE-WRONG	836	-1.401	DOWN — the product OVER-GRANTS height today; the base ladder is LOWER
08101	L'Hospitalet de Llobregat	SAMPLE	3000	73.13	73.13	0	59.73	59.73	0	13.4	13.4	0	BASE_METROPOLITAN	ATTRIBUTION-WRONG	VALUE-WRONG	1262	-1.292	DOWN — the product OVER-GRANTS height today; the base ladder is LOWER
08123	Molins de Rei	CENSUS	4160	32.19	32.19	0	26.85	26.85	0	5.34	5.34	0	BASE_METROPOLITAN	ATTRIBUTION-WRONG	VALUE-WRONG	883	-1.248	DOWN — the product OVER-GRANTS height today; the base ladder is LOWER
08125	Montcada i Reixac	CENSUS	5862	31.71	31.71	0	23.47	23.47	0	8.24	8.24	0	BASE_METROPOLITAN	ATTRIBUTION-WRONG	VALUE-WRONG	907	-1.155	DOWN — the product OVER-GRANTS height today; the base ladder is LOWER
08126	Montgat	CENSUS	1312	35.67	35.67	0	27.9	27.9	0	7.77	7.77	0	BASE_METROPOLITAN	ATTRIBUTION-WRONG	VALUE-WRONG	344	-1.16	DOWN — the product OVER-GRANTS height today; the base ladder is LOWER
08157	Pallejà	CENSUS	2367	65.31	65.31	0	14.07	14.07	0	51.25	51.25	0	BASE_METROPOLITAN	ATTRIBUTION-WRONG	VALUE-WRONG	281	-1.2	DOWN — the product OVER-GRANTS height today; the base ladder is LOWER
08158	El Papiol	CENSUS	1848	25.54	25.54	0	8.66	8.66	0	16.88	16.88	0	BASE_METROPOLITAN	ATTRIBUTION-WRONG	VALUE-WRONG	160	-0.909	DOWN — the product OVER-GRANTS height today; the base ladder is LOWER
08169	El Prat de Llobregat	CENSUS	5013	58.39	58.39	0	43.89	43.89	0	14.5	14.5	0	BASE_METROPOLITAN	ATTRIBUTION-WRONG	VALUE-WRONG	1585	-1.079	DOWN — the product OVER-GRANTS height today; the base ladder is LOWER
08180	Ripollet	CENSUS	2607	54.62	54.62	0	38.43	38.43	0	16.19	16.19	0	BASE_METROPOLITAN	ATTRIBUTION-WRONG	VALUE-WRONG	818	-1.189	DOWN — the product OVER-GRANTS height today; the base ladder is LOWER
08194	Sant Adrià de Besòs	CENSUS	1773	46.87	46.87	0	43.94	43.94	0	2.93	2.93	0	BASE_METROPOLITAN	ATTRIBUTION-WRONG	VALUE-WRONG	527	-1.173	DOWN — the product OVER-GRANTS height today; the base ladder is LOWER
08196	Sant Andreu de la Barca	CENSUS	2472	54.05	54.05	0	18.45	18.45	0	0	0	0	REFUSE_UNKNOWN	ATTRIBUTION-WRONG	VALUE-UNDETERMINED	0		NO CHANGE
08200	Sant Boi de Llobregat	SAMPLE	3000	46.63	46.63	0	33.33	33.33	0	13.3	13.3	0	BASE_METROPOLITAN	ATTRIBUTION-WRONG	VALUE-WRONG	896	-1.418	DOWN — the product OVER-GRANTS height today; the base ladder is LOWER
08204	Sant Climent de Llobregat	CENSUS	1447	43.88	43.88	0	38.01	38.01	0	5.87	5.87	0	BASE_METROPOLITAN	ATTRIBUTION-WRONG	VALUE-WRONG	545	-0.909	DOWN — the product OVER-GRANTS height today; the base ladder is LOWER
08205	Sant Cugat del Vallès	SAMPLE	3000	49.7	49.7	0	7.63	7.63	0	42.07	42.07	0	BASE_METROPOLITAN	ATTRIBUTION-WRONG	VALUE-WRONG	201	-1.076	DOWN — the product OVER-GRANTS height today; the base ladder is LOWER
08211	Sant Feliu de Llobregat	CENSUS	3218	49.13	49.13	0	35.02	35.02	0	14.11	14.11	0	BASE_METROPOLITAN	ATTRIBUTION-WRONG	VALUE-WRONG	878	-1.069	DOWN — the product OVER-GRANTS height today; the base ladder is LOWER
08217	Sant Joan Despí	CENSUS	2595	34.1	34.1	0	24.51	24.51	0	9.6	9.6	0	BASE_METROPOLITAN	ATTRIBUTION-WRONG	VALUE-WRONG	523	-1.455	DOWN — the product OVER-GRANTS height today; the base ladder is LOWER
08221	Sant Just Desvern	CENSUS	2517	62.69	62.69	0	11.44	11.44	0	51.25	51.25	0	BASE_METROPOLITAN	ATTRIBUTION-WRONG	VALUE-WRONG	273	-1.098	DOWN — the product OVER-GRANTS height today; the base ladder is LOWER
08244	Santa Coloma de Cervelló	CENSUS	2081	33.3	33.3	0	3.22	3.22	0	30.08	30.08	0	BASE_METROPOLITAN	ATTRIBUTION-WRONG	VALUE-WRONG	67	-1.048	DOWN — the product OVER-GRANTS height today; the base ladder is LOWER
08245	Santa Coloma de Gramenet	SAMPLE	3000	59.03	59.03	0	55.93	55.93	0	3.1	3.1	0	BASE_METROPOLITAN	ATTRIBUTION-WRONG	VALUE-WRONG	1392	-1.419	DOWN — the product OVER-GRANTS height today; the base ladder is LOWER
08252	Barberà del Vallès	CENSUS	3813	68.55	68.55	0	22.76	22.76	0	0	0	0	REFUSE_UNKNOWN	ATTRIBUTION-WRONG	VALUE-UNDETERMINED	0		NO CHANGE
08263	Sant Vicenç dels Horts	SAMPLE	3000	42.33	42.33	0	11.1	11.1	0	31.23	31.23	0	BASE_METROPOLITAN	ATTRIBUTION-WRONG	VALUE-WRONG	292	-1.151	DOWN — the product OVER-GRANTS height today; the base ladder is LOWER
08266	Cerdanyola del Vallès	SAMPLE	3000	38.23	38.23	0	11.4	11.4	0	26.83	26.83	0	BASE_METROPOLITAN	ATTRIBUTION-WRONG	VALUE-WRONG	249	-1.318	DOWN — the product OVER-GRANTS height today; the base ladder is LOWER
08282	Tiana	CENSUS	2254	36.56	36.56	0	8.92	8.92	0	27.64	27.64	0	BASE_METROPOLITAN	ATTRIBUTION-WRONG	VALUE-WRONG	201	-0.872	DOWN — the product OVER-GRANTS height today; the base ladder is LOWER
08289	Torrelles de Llobregat	CENSUS	2901	67.98	67.98	0	7.17	7.17	0	0	0	0	REFUSE_UNKNOWN	ATTRIBUTION-WRONG	VALUE-UNDETERMINED	0		NO CHANGE
08301	Viladecans	SAMPLE	3000	56.73	56.73	0	31.73	31.73	0	25	25	0	BASE_METROPOLITAN	ATTRIBUTION-WRONG	VALUE-WRONG	735	-1.258	DOWN — the product OVER-GRANTS height today; the base ladder is LOWER
08904	Badia del Vallès	CENSUS	242	0.41	0.41	0	0.41	0.41	0	0	0	0	REFUSE_UNKNOWN	ATTRIBUTION-WRONG	VALUE-UNDETERMINED	0		NO CHANGE
08905	La Palma de Cervelló	CENSUS	999	47.15	47.15	0	22.22	22.22	0	0	0	0	REFUSE_UNKNOWN	ATTRIBUTION-WRONG	VALUE-UNDETERMINED	0		NO CHANGE
