cd,municipio,n,NM_ALTURA,NM_N_PLTA,NM_OCP_MX,NM_FDO_MX_ED,NM_RTR_FRNT,NM_RTR_LATL,NM_RTR_POST,NM_C_ED_ORD,NM_APRV_BC,footprintAny,heightAndFootprint
079,"MADRID",22181,8.86,17.86,20.12,12.94,11.36,23.50,22.15,17.95,0.00,38.83,7.86
065,"GETAFE",2143,63.98,87.17,47.41,22.82,41.02,36.68,42.14,52.03,0.00,85.63,54.74
092,"MÓSTOLES",2062,12.12,17.75,15.23,5.43,20.27,19.84,19.50,10.67,0.00,26.53,12.03
022,"BOADILLA DEL MONTE",1958,79.42,78.55,48.01,1.53,55.41,55.36,55.36,12.77,0.00,58.12,48.01
014,"ARGANDA DEL REY",1677,67.62,55.87,67.74,17.59,36.73,51.58,55.28,38.04,19.32,68.34,67.62
074,"LEGANÉS",1445,76.89,33.98,64.78,12.04,7.34,54.39,54.39,36.68,0.00,91.76,64.78
115,"POZUELO DE ALARCÓN",1435,79.51,64.11,80.14,5.37,61.81,50.52,51.22,62.37,0.00,86.41,77.28
127,"LAS ROZAS DE MADRID",1369,82.98,71.15,80.79,6.87,59.17,56.46,62.82,88.39,0.00,95.25,87.51
007,"ALCORCÓN",1317,56.87,48.60,39.86,43.66,49.89,77.68,65.22,46.32,0.00,92.26,65.91
058,"FUENLABRADA",1296,50.54,55.63,35.19,6.10,37.65,39.66,31.40,39.97,0.00,50.93,39.81
005,"ALCALÁ DE HENARES",1203,75.73,39.24,93.60,6.40,41.15,53.70,41.81,79.88,0.00,93.77,83.13
106,"PARLA",1145,45.07,68.12,45.07,10.83,12.14,4.45,11.27,51.62,2.97,48.82,48.82
152,"TORRELODONES",1129,53.50,46.86,46.15,4.61,55.98,44.46,52.35,38.44,0.00,58.02,44.73
134,"SAN SEBASTIÁN DE LOS REYES",1121,53.35,66.64,34.08,0.27,15.88,15.88,15.79,51.56,0.00,34.97,34.26
040,"CIEMPOZUELOS",1111,74.80,73.36,61.66,17.91,41.04,60.58,62.92,29.97,0.00,80.02,72.01
006,"ALCOBENDAS",1101,77.66,70.75,23.34,25.25,24.89,22.98,47.23,26.52,0.00,52.23,46.41
047,"COLLADO VILLALBA",1090,76.97,97.06,93.58,3.58,15.41,29.63,24.50,70.37,0.00,96.97,95.60
045,"COLMENAR VIEJO",1070,97.38,99.53,74.02,9.07,55.98,60.84,55.70,44.11,0.00,82.24,74.95
023,"EL BOALO",1010,88.12,48.51,18.02,0.00,33.56,34.16,34.16,21.98,0.00,34.26,18.02
096,"NAVALCARNERO",957,48.59,52.56,37.62,14.11,32.60,27.06,28.11,23.93,0.00,53.92,45.25
123,"RIVAS-VACIAMADRID",944,50.64,90.36,52.97,2.01,88.88,84.53,84.53,49.89,0.00,89.51,49.26
161,"VALDEMORO",941,70.99,73.75,27.21,22.64,31.24,24.12,26.14,34.54,0.00,78.64,48.99
113,"PINTO",911,67.51,59.50,34.80,23.38,25.03,23.60,25.03,24.15,0.00,58.18,47.42
026,"BRUNETE",866,74.25,73.90,57.85,18.71,48.38,48.38,53.93,22.63,0.00,63.39,63.39
148,"TORREJÓN DE ARDOZ",864,45.49,52.66,38.31,11.69,29.86,29.05,35.30,49.88,7.52,50.00,50.00
181,"VILLAVICIOSA DE ODÓN",819,59.83,59.58,53.36,5.25,48.84,14.29,2.20,51.53,0.00,53.85,53.48
090,"MORALZARZAL",819,95.24,76.68,83.27,0.00,56.53,56.53,56.53,68.38,0.00,86.69,83.27
160,"VALDEMORILLO",723,98.34,98.34,70.82,0.00,86.17,76.76,86.17,0.00,0.00,88.11,70.82
013,"ARANJUEZ",696,23.99,85.06,39.51,12.07,30.17,28.88,28.88,31.18,0.86,59.63,51.58
176,"VILLANUEVA DE LA CAÑADA",686,55.25,89.07,50.15,7.43,46.94,31.05,31.05,37.03,0.00,60.20,55.25
049,"COSLADA",682,32.99,28.15,31.82,10.56,16.57,16.13,15.84,56.74,27.86,44.72,26.69
009,"ALGETE",660,43.18,55.00,86.36,8.18,67.73,73.03,73.03,76.36,0.00,86.52,58.48
083,"MECO",642,94.24,89.72,61.37,12.31,53.89,46.57,66.04,58.57,0.00,72.43,68.85
066,"GRIÑÓN",628,81.69,57.32,66.40,7.80,64.97,64.97,64.97,72.61,3.98,81.69,70.38
903,"TRES CANTOS",626,63.10,89.62,49.68,16.61,25.24,36.58,34.82,35.30,0.00,66.29,53.35
144,"SOTO DEL REAL",618,57.93,57.93,57.93,3.24,56.63,56.63,56.63,57.93,0.00,61.17,57.93
131,"SAN LORENZO DE EL ESCORIAL",614,90.23,76.38,79.48,20.03,63.68,67.43,35.02,56.35,0.00,99.51,99.51
059,"FUENTE EL SAZ DE JARAMA",608,32.40,32.57,23.68,8.06,38.65,38.65,35.20,37.34,0.00,46.71,31.74
084,"MEJORADA DEL CAMPO",606,63.86,42.24,62.54,17.82,57.59,69.64,53.30,40.10,0.00,75.91,61.39
054,"EL ESCORIAL",603,73.13,78.77,51.58,10.78,50.08,47.26,47.76,41.46,0.00,64.34,62.35
133,"SAN MARTÍN DE VALDEIGLESIAS",601,89.02,73.38,73.54,17.64,62.40,60.90,88.35,11.98,0.00,91.18,91.18
171,"VILLA DEL PRADO",592,88.85,88.85,89.36,0.00,71.28,64.53,89.36,0.00,0.00,89.36,88.68
068,"GUADARRAMA",577,60.31,51.99,81.46,0.69,53.38,53.03,53.38,79.03,0.00,93.76,82.15
004,"EL ÁLAMO",571,100.00,72.85,71.28,0.88,72.85,71.98,70.40,82.49,0.00,89.14,71.28
125,"ROBLEDO DE CHAVELA",570,69.12,94.21,71.40,14.74,61.05,61.05,60.00,54.39,0.00,92.81,86.14
080,"MAJADAHONDA",556,24.82,24.82,28.06,16.01,38.31,22.30,10.25,31.29,0.00,44.06,24.82
010,"ALPEDRETE",555,78.92,78.92,74.77,0.00,75.86,78.74,89.55,63.60,0.00,89.55,74.77
109,"PELAYOS DE LA PRESA",548,100.00,100.00,98.36,5.47,61.50,61.50,61.86,50.73,0.00,98.36,98.36
050,"CUBAS DE LA SAGRA",538,57.99,81.23,48.88,2.42,42.01,49.07,42.01,49.81,0.00,51.49,50.56
130,"SAN FERNANDO DE HENARES",504,43.85,44.84,31.15,10.52,31.15,32.14,32.14,57.54,0.00,43.25,41.67
073,"HUMANES DE MADRID",492,97.15,97.15,13.01,7.11,31.91,36.99,63.62,90.04,0.00,69.92,20.12
057,"FRESNO DE TOROTE",440,90.68,85.23,48.86,2.27,87.05,87.05,87.05,80.68,0.00,91.36,51.14
085,"MIRAFLORES DE LA SIERRA",436,82.57,82.57,64.22,16.51,67.43,66.97,0.00,62.84,0.00,82.57,79.36
172,"VILLALBILLA",435,92.87,92.87,55.40,14.48,51.72,48.05,65.75,44.37,0.00,73.33,62.99
018,"BECERRIL DE LA SIERRA",435,87.59,83.91,84.60,0.00,14.25,14.25,14.25,65.52,0.00,84.60,84.60
141,"SEVILLA LA NUEVA",423,90.07,78.72,30.73,9.46,67.14,77.07,78.72,30.73,0.00,88.65,40.19
052,"CHINCHÓN",416,93.75,75.96,14.66,22.12,28.37,10.58,10.58,0.00,0.00,54.57,36.78
150,"TORREJÓN DE VELASCO",411,51.09,33.58,54.74,0.00,29.68,29.68,51.82,22.63,0.00,65.21,25.30
180,"VILLAREJO DE SALVANÉS",406,86.70,68.72,46.80,22.91,42.12,44.33,44.33,45.57,0.00,69.70,68.72
042,"COLMENAR DEL ARROYO",401,50.12,50.37,41.90,11.22,35.41,35.41,35.41,40.65,0.00,53.12,49.38
044,"COLMENAREJO",389,78.92,72.49,75.06,6.68,68.64,68.64,83.03,68.38,0.00,83.80,70.69
104,"PARACUELLOS DE JARAMA",389,92.80,70.95,32.39,26.22,58.87,62.21,83.80,57.33,0.00,86.12,58.61
015,"ARROYOMOLINOS",387,93.28,36.43,55.81,9.30,78.55,78.81,78.81,38.76,0.00,94.57,55.81
129,"SAN AGUSTÍN DEL GUADALIX",381,63.78,43.57,56.96,4.72,14.96,13.39,10.76,34.38,0.00,60.37,60.37
002,"AJALVIR",364,98.08,58.79,56.32,10.99,45.05,44.23,47.25,31.59,0.00,82.42,66.48
033,"CAMPO REAL",360,99.17,59.44,67.78,30.83,23.61,20.00,33.61,31.67,0.00,99.17,98.61
067,"GUADALIX DE LA SIERRA",351,86.61,82.91,59.83,34.19,29.06,59.26,59.26,56.13,0.00,75.21,75.21
046,"COLLADO MEDIANO",337,88.43,100.00,88.43,10.09,88.43,88.43,88.43,0.00,0.00,98.52,98.52
169,"VENTURADA",336,77.08,77.08,69.64,0.00,61.01,69.05,69.05,69.64,0.00,77.08,69.64
145,"TALAMANCA DE JARAMA",333,47.75,47.75,47.15,0.00,32.43,30.93,30.93,38.14,0.00,47.75,47.15
151,"TORRELAGUNA",321,48.91,15.26,15.26,26.17,32.09,32.09,32.09,38.63,0.00,73.52,15.26
037,"CENICIENTOS",319,92.48,72.10,92.48,0.00,59.56,29.47,92.79,72.10,0.00,92.79,92.48
174,"VILLAMANTA",318,86.79,88.68,75.47,0.00,75.47,75.79,84.91,0.00,0.00,84.91,75.47
036,"CASARRUBUELOS",318,61.64,49.37,49.06,17.92,30.19,37.74,40.57,41.19,0.00,59.75,59.75
051,"CHAPINERÍA",314,66.88,66.88,45.54,11.15,66.24,62.74,66.24,55.73,0.00,77.39,46.18
149,"TORREJÓN DE LA CALZADA",313,59.74,59.74,56.23,0.00,77.96,46.65,90.73,88.18,0.00,93.61,56.23
029,"CABANILLAS DE LA SIERRA",312,95.83,72.44,60.58,0.00,57.37,55.45,54.81,58.97,0.00,63.46,60.58
038,"CERCEDILLA",312,24.04,91.99,67.95,0.00,24.68,24.68,24.68,66.67,0.00,67.95,67.95
008,"ALDEA DEL FRESNO",308,90.26,71.10,63.96,7.14,74.35,83.12,90.26,68.83,0.00,90.26,71.10
132,"SAN MARTÍN DE LA VEGA",307,93.16,93.49,79.48,50.49,26.38,31.92,31.92,85.02,0.00,93.16,79.48
100,"NUEVO BAZTÁN",303,89.44,89.44,89.11,6.27,69.64,69.31,69.31,81.52,0.00,89.44,89.11
086,"EL MOLAR",302,74.17,77.81,42.38,22.19,28.15,32.78,28.48,41.72,2.65,79.14,41.39
091,"MORATA DE TAJUÑA",288,88.54,88.54,52.08,36.46,52.08,52.08,20.83,32.64,0.00,88.54,88.54
162,"VALDEOLMOS-ALALPARDO",284,69.72,100.00,59.15,16.55,72.89,83.45,100.00,0.00,0.00,100.00,69.72
031,"CADALSO DE LOS VIDRIOS",282,75.18,76.95,59.93,16.31,19.50,53.90,50.71,13.83,0.00,79.43,75.89
019,"BELMONTE DE TAJO",280,61.79,68.93,81.79,10.36,52.86,76.07,86.43,50.00,0.00,86.43,61.79
089,"MORALEJA DE ENMEDIO",271,79.34,67.90,67.90,8.12,59.41,59.41,67.53,54.98,0.00,70.11,67.90
167,"VELILLA DE SAN ANTONIO",271,46.86,63.84,46.86,16.97,44.65,44.65,44.65,46.86,0.00,63.84,63.84
072,"HOYO DE MANZANARES",270,67.78,79.26,70.74,8.52,43.33,42.96,42.96,70.74,0.00,79.26,79.26
177,"VILLANUEVA DEL PARDILLO",266,89.47,76.32,60.90,14.66,32.71,39.85,48.12,54.51,0.00,82.71,75.56
119,"QUIJORNA",266,68.42,68.42,64.66,0.00,62.78,59.02,59.02,55.64,0.00,71.43,64.66
154,"TORRES DE LA ALAMEDA",257,79.38,79.38,33.85,0.00,49.03,42.80,45.91,19.84,0.00,50.19,33.85
032,"CAMARMA DE ESTERUELAS",252,100.00,72.22,73.41,26.59,63.10,52.38,52.38,52.38,0.00,100.00,100.00
030,"LA CABRERA",245,100.00,100.00,100.00,18.78,83.67,83.27,100.00,77.55,0.00,100.00,100.00
017,"BATRES",240,100.00,68.33,59.58,12.92,75.83,54.17,54.17,64.58,0.00,99.58,67.92
183,"ZARZALEJO",237,95.36,81.43,81.01,0.00,13.92,44.73,44.73,0.00,0.00,81.01,81.01
107,"PATONES",234,40.60,40.60,40.60,6.84,23.93,41.03,41.03,40.60,0.00,41.03,40.60
164,"VALDETORRES DE JARAMA",233,100.00,100.00,86.27,0.00,51.50,51.50,51.50,1.29,0.00,86.27,86.27
053,"DAGANZO DE ARRIBA",232,84.91,98.28,55.17,4.31,3.88,60.78,60.78,71.55,0.00,69.40,58.19
060,"FUENTIDUEÑA DE TAJO",231,100.00,90.48,77.06,0.00,57.58,42.42,71.00,13.42,0.00,90.48,77.06
156,"VALDEAVERO",228,38.60,76.32,25.88,0.00,15.79,14.47,9.21,14.47,0.00,31.14,24.56
901,"LOZOYUELA-NAVAS-SIETEIGLESIAS",226,100.00,100.00,62.39,4.42,57.96,62.39,62.39,61.95,0.00,62.39,62.39
182,"VILLAVIEJA DEL LOZOYA",223,89.24,88.79,55.61,6.28,59.64,76.68,56.95,25.11,0.00,90.58,54.71
153,"TORREMOCHA DE JARAMA",222,83.33,81.08,47.30,14.41,43.69,45.05,45.05,55.86,0.00,65.77,61.71
087,"LOS MOLINOS",219,80.37,71.23,69.41,0.00,68.49,66.21,67.58,52.97,0.00,69.41,69.41
178,"VILLANUEVA DE PERALES",216,49.54,49.54,38.43,11.11,32.87,38.43,49.54,38.43,0.00,49.54,49.54
041,"COBEÑA",211,98.10,80.09,80.09,21.33,64.93,86.26,86.26,93.84,0.00,100.00,80.09
056,"FRESNEDILLAS DE LA OLIVA",211,99.53,100.00,98.58,14.69,68.25,24.64,99.53,75.36,0.00,99.53,98.58
136,"SANTORCAZ",210,100.00,100.00,70.00,0.00,52.86,52.86,72.86,20.00,0.00,90.48,70.00
140,"SERRANILLOS DEL VALLE",203,96.06,76.85,72.91,0.00,86.21,86.21,86.21,86.21,0.00,86.21,71.92
043,"COLMENAR DE OREJA",197,46.70,81.73,81.73,0.00,5.08,0.00,0.00,8.12,0.00,81.73,81.73
165,"VALDILECHA",188,96.28,96.28,89.36,48.40,44.68,34.57,13.30,37.23,0.00,96.28,89.36
075,"LOECHES",188,63.30,63.30,28.19,35.11,27.66,24.47,59.57,20.21,20.21,63.30,63.30
101,"OLMEDA DE LAS FUENTES",187,97.86,97.86,12.30,0.00,56.68,56.68,56.68,18.72,0.00,68.98,12.30
093,"NAVACERRADA",177,89.27,89.27,71.19,0.00,66.10,64.97,71.19,0.00,0.00,71.19,71.19
099,"NAVAS DEL REY",173,93.06,93.06,64.16,50.87,56.07,56.07,28.32,93.06,0.00,85.55,85.55
011,"AMBITE",172,98.26,87.79,82.56,0.00,73.26,73.26,89.53,69.19,0.00,89.53,82.56
157,"VALDELAGUNA",167,86.23,86.23,65.87,25.15,33.53,46.71,82.63,0.00,0.00,82.63,65.87
027,"BUITRAGO DEL LOZOYA",165,89.70,89.70,18.18,59.39,37.58,44.85,63.03,37.58,0.00,89.70,68.48
035,"CARABAÑA",162,59.26,91.98,34.57,46.91,37.04,23.46,77.78,53.09,0.00,82.10,81.48
137,"LOS SANTOS DE LA HUMOSA",162,91.98,93.83,37.65,48.77,26.54,75.31,9.88,75.31,0.00,75.31,75.31
120,"RASCAFRÍA",162,80.86,80.86,68.52,2.47,58.02,58.02,58.02,0.00,0.00,80.86,70.99
122,"RIBATEJADA",160,88.75,98.75,80.00,0.00,68.75,79.38,91.25,71.25,0.00,91.25,80.00
034,"CANENCIA",160,100.00,89.38,56.88,30.00,53.75,56.88,59.38,46.88,0.00,89.38,86.88
158,"VALDEMANCO",158,77.85,77.85,39.24,32.91,39.24,75.95,77.85,72.15,0.00,77.85,72.15
159,"VALDEMAQUEDA",151,100.00,100.00,73.51,0.00,83.44,83.44,83.44,0.00,0.00,89.40,73.51
170,"VILLACONEJOS",150,100.00,100.00,0.00,93.33,32.00,100.00,68.00,0.00,0.00,100.00,93.33
135,"SANTA MARÍA DE LA ALAMEDA",143,0.00,93.01,97.20,0.00,0.00,0.00,0.00,76.22,0.00,97.20,93.01
055,"ESTREMERA",139,97.84,80.58,35.97,44.60,37.41,37.41,82.01,0.00,0.00,94.24,80.58
108,"PEDREZUELA",133,59.40,58.65,38.35,0.00,37.59,37.59,37.59,59.40,0.00,38.35,38.35
021,"EL BERRUECO",130,96.92,96.92,96.92,6.92,62.31,90.00,66.15,70.77,0.00,96.92,96.92
061,"GALAPAGAR",127,75.59,99.21,99.21,0.00,75.59,66.14,75.59,95.28,0.00,99.21,99.21
012,"ANCHUELO",127,100.00,72.44,50.39,22.05,44.09,40.94,40.94,62.99,0.00,92.13,72.44
179,"VILLAR DEL OLMO",126,100.00,100.00,69.05,73.02,28.57,28.57,42.86,0.00,0.00,100.00,100.00
111,"PEZUELA DE LAS TORRES",126,71.43,71.43,33.33,31.75,33.33,30.16,30.16,39.68,0.00,65.08,65.08
097,"NAVARREDONDA Y SAN MAMÉS",126,81.75,76.98,85.71,0.00,55.56,55.56,15.87,51.59,0.00,85.71,81.75
143,"SOMOSIERRA",124,45.16,49.19,0.00,0.00,15.32,19.35,19.35,18.55,0.00,19.35,0.00
102,"ORUSCO DE TAJUÑA",122,99.18,78.69,71.31,0.00,49.18,54.10,54.10,23.77,0.00,77.87,71.31
001,"LA ACEBEDA",116,42.24,62.07,42.24,0.00,22.41,22.41,22.41,42.24,0.00,42.24,42.24
155,"VALDARACETE",115,100.00,100.00,64.35,5.22,40.87,47.83,88.70,0.00,0.00,90.43,66.09
118,"PUEBLA DE LA SIERRA",115,53.04,53.04,53.04,0.00,53.04,53.04,53.04,52.17,0.00,53.04,53.04
166,"VALVERDE DE ALCALÁ",114,99.12,78.07,53.51,0.00,49.12,53.51,78.07,0.00,0.00,78.07,53.51
088,"MONTEJO DE LA SIERRA",112,90.18,90.18,62.50,26.79,63.39,63.39,63.39,62.50,0.00,90.18,89.29
124,"ROBLEDILLO DE LA JARA",111,93.69,93.69,37.84,0.00,10.81,37.84,10.81,37.84,0.00,37.84,37.84
025,"BREA DE TAJO",110,93.64,93.64,88.18,0.00,47.27,47.27,47.27,93.64,0.00,88.18,88.18
173,"VILLAMANRIQUE DE TAJO",109,100.00,100.00,50.46,35.78,61.47,62.39,62.39,45.87,0.00,62.39,50.46
114,"PIÑUÉCAR-GANDULLAS",105,54.29,54.29,36.19,0.00,19.05,19.05,19.05,22.86,0.00,55.24,36.19
175,"VILLAMANTILLA",103,100.00,100.00,46.60,36.89,54.37,63.11,100.00,0.00,0.00,100.00,83.50
095,"NAVALAGAMELLA",103,0.00,77.67,90.29,78.64,0.00,0.00,0.00,28.16,0.00,90.29,77.67
138,"LA SERNA DEL MONTE",102,37.25,37.25,51.96,0.00,26.47,26.47,26.47,26.47,0.00,51.96,37.25
128,"ROZAS DE PUERTO REAL",101,25.74,100.00,100.00,0.00,25.74,25.74,25.74,12.87,0.00,100.00,100.00
070,"HORCAJO DE LA SIERRA-AOSLOS",101,100.00,43.56,75.25,65.35,21.78,21.78,21.78,69.31,0.00,93.07,91.09
126,"ROBREGORDO",94,62.77,62.77,62.77,0.00,28.72,0.00,0.00,55.32,0.00,62.77,62.77
147,"TITULCIA",93,97.85,92.47,97.85,18.28,5.38,23.66,23.66,97.85,0.00,97.85,97.85
016,"EL ATAZAR",91,27.47,27.47,27.47,27.47,0.00,0.00,0.00,27.47,0.00,27.47,27.47
071,"HORCAJUELO DE LA SIERRA",90,83.33,83.33,6.67,0.00,6.67,6.67,6.67,63.33,0.00,6.67,6.67
069,"LA HIRUELA",90,17.78,50.00,0.00,0.00,0.00,0.00,0.00,33.33,0.00,0.00,0.00
024,"BRAOJOS",87,48.28,50.57,40.23,21.84,18.39,18.39,0.00,40.23,0.00,40.23,40.23
076,"LOZOYA",84,86.90,2.38,52.38,0.00,53.57,90.48,90.48,1.19,0.00,90.48,51.19
048,"CORPA",80,100.00,82.50,82.50,35.00,52.50,37.50,52.50,100.00,0.00,100.00,82.50
146,"TIELMES",76,0.00,98.68,98.68,0.00,0.00,0.00,0.00,51.32,0.00,98.68,98.68
117,"PRÁDENA DEL RINCÓN",73,83.56,83.56,60.27,0.00,24.66,24.66,24.66,60.27,0.00,60.27,60.27
121,"REDUEÑA",71,98.59,98.59,60.56,21.13,39.44,73.24,85.92,59.15,0.00,85.92,59.15
039,"CERVERA DE BUITRAGO",70,52.86,52.86,38.57,25.71,12.86,0.00,0.00,38.57,0.00,38.57,38.57
110,"PERALES DE TAJUÑA",70,0.00,94.29,91.43,0.00,0.00,0.00,0.00,28.57,0.00,91.43,85.71
163,"VALDEPIÉLAGOS",58,86.21,86.21,86.21,29.31,37.93,56.90,86.21,86.21,0.00,86.21,86.21
020,"BERZOSA DEL LOZOYA",57,50.88,50.88,0.00,0.00,29.82,50.88,29.82,50.88,0.00,50.88,0.00
116,"POZUELO DEL REY",56,100.00,100.00,100.00,0.00,0.00,0.00,0.00,0.00,0.00,100.00,100.00
064,"GASCONES",53,83.02,83.02,43.40,0.00,22.64,24.53,69.81,35.85,0.00,83.02,43.40
082,"MANZANARES EL REAL",50,0.00,92.00,92.00,0.00,0.00,0.00,0.00,90.00,0.00,92.00,92.00
078,"MADARCOS",49,44.90,77.55,0.00,0.00,44.90,44.90,8.16,8.16,0.00,44.90,0.00
003,"ALAMEDA DEL VALLE",42,92.86,92.86,92.86,0.00,23.81,23.81,23.81,0.00,0.00,92.86,92.86
028,"BUSTARVIEJO",42,28.57,66.67,66.67,0.00,28.57,28.57,9.52,38.10,0.00,66.67,66.67
112,"PINILLA DEL VALLE",28,100.00,100.00,100.00,0.00,100.00,100.00,0.00,0.00,0.00,100.00,100.00
902,"PUENTES VIEJAS",17,0.00,76.47,76.47,0.00,0.00,0.00,0.00,52.94,0.00,76.47,76.47
094,"NAVALAFUENTE",17,0.00,100.00,100.00,0.00,0.00,0.00,0.00,94.12,0.00,100.00,100.00
063,"GARGANTILLA DEL LOZOYA Y PINILLA DE BUITRAGO",8,0.00,100.00,100.00,0.00,0.00,0.00,0.00,62.50,0.00,100.00,100.00
168,"EL VELLÓN",6,0.00,100.00,100.00,0.00,0.00,0.00,0.00,100.00,0.00,100.00,100.00
062,"GARGANTA DE LOS MONTES",3,0.00,100.00,33.33,0.00,0.00,0.00,0.00,100.00,0.00,33.33,33.33