id,planid,lokplan_id,komnr,kommunenavn,lp_plannr,lp_plannavn,datovedt,bygkunifelt,bygvejledende,doklink
1366985,9611729,9534270,751,Aarhus,1065,Etageboligbebyggelse på Dalgas Avenue 6,20190320,true,true,https://dokument.plandata.dk/20_9534270_1554718144268.pdf
1367106,9752382,9650296,751,Aarhus,1089,Bolig- og erhvervsbebyggelse ved Ferdinand Sallings Stræde og Fiskergade,20200325,true,true,https://dokument.plandata.dk/20_9650296_1589880986676.pdf
1367107,9752383,9650296,751,Aarhus,1089,Bolig- og erhvervsbebyggelse ved Ferdinand Sallings Stræde og Fiskergade,20200325,true,true,https://dokument.plandata.dk/20_9650296_1589880986676.pdf
1367108,9752384,9650296,751,Aarhus,1089,Bolig- og erhvervsbebyggelse ved Ferdinand Sallings Stræde og Fiskergade,20200325,true,true,https://dokument.plandata.dk/20_9650296_1589880986676.pdf
1367109,9752385,9650296,751,Aarhus,1089,Bolig- og erhvervsbebyggelse ved Ferdinand Sallings Stræde og Fiskergade,20200325,true,true,https://dokument.plandata.dk/20_9650296_1589880986676.pdf
1367110,9752386,9650296,751,Aarhus,1089,Bolig- og erhvervsbebyggelse ved Ferdinand Sallings Stræde og Fiskergade,20200325,true,true,https://dokument.plandata.dk/20_9650296_1589880986676.pdf
1367111,9752387,9650296,751,Aarhus,1089,Bolig- og erhvervsbebyggelse ved Ferdinand Sallings Stræde og Fiskergade,20200325,true,true,https://dokument.plandata.dk/20_9650296_1589880986676.pdf
1367281,10912914,10824230,751,Aarhus,1153,"Kildeagersøvej 77-87, Hasselager",20211101,true,true,https://dokument.plandata.dk/20_10824230_1638280701644.pdf
1367282,10912915,10824230,751,Aarhus,1153,"Kildeagersøvej 77-87, Hasselager",20211101,true,true,https://dokument.plandata.dk/20_10824230_1638280701644.pdf
1353219,9639801,9637614,420,Assens,2.2-9,"Dagligvarebutik ved Odensevej og Langesøvej, Skallebølle",20190828,true,true,https://dokument.plandata.dk/20_9637614_1567671547060.pdf
1361598,9954143,9953548,420,Assens,1.2-12,"Dagligvarebutik Østergade, Assens by",20200908,true,true,https://dokument.plandata.dk/20_9953548_1600241628679.pdf
1361600,10646392,10646152,420,Assens,1.2-16,Multitek og havneplads i Assens,20210428,true,true,https://dokument.plandata.dk/20_10646152_1621419769416.pdf
1361604,11133070,11133038,420,Assens,3.1-17,Lokalplan 3.1-17  Boligområde ved Smedevej i Tommerup St.,20220906,true,true,https://dokument.plandata.dk/20_11133038_1662638938820.pdf
1361605,11133071,11133038,420,Assens,3.1-17,Lokalplan 3.1-17  Boligområde ved Smedevej i Tommerup St.,20220906,true,true,https://dokument.plandata.dk/20_11133038_1662638938820.pdf
1361606,11133072,11133038,420,Assens,3.1-17,Lokalplan 3.1-17  Boligområde ved Smedevej i Tommerup St.,20220906,true,true,https://dokument.plandata.dk/20_11133038_1662638938820.pdf
1361607,11133073,11133038,420,Assens,3.1-17,Lokalplan 3.1-17  Boligområde ved Smedevej i Tommerup St.,20220906,true,true,https://dokument.plandata.dk/20_11133038_1662638938820.pdf
1361608,11133074,11133038,420,Assens,3.1-17,Lokalplan 3.1-17  Boligområde ved Smedevej i Tommerup St.,20220906,true,true,https://dokument.plandata.dk/20_11133038_1662638938820.pdf
1361609,11133075,11133038,420,Assens,3.1-17,Lokalplan 3.1-17  Boligområde ved Smedevej i Tommerup St.,20220906,true,true,https://dokument.plandata.dk/20_11133038_1662638938820.pdf
1361610,11133076,11133038,420,Assens,3.1-17,Lokalplan 3.1-17  Boligområde ved Smedevej i Tommerup St.,20220906,true,true,https://dokument.plandata.dk/20_11133038_1662638938820.pdf
1361521,10475429,10475426,810,Brønderslev,02-B-08.01,"Boligområde Moltkes Allé, Dronninglund ",20210412,true,true,https://dokument.plandata.dk/20_10475426_1618389226633.pdf
1361522,10475430,10475426,810,Brønderslev,02-B-08.01,"Boligområde Moltkes Allé, Dronninglund ",20210412,true,true,https://dokument.plandata.dk/20_10475426_1618389226633.pdf
1361523,10475431,10475426,810,Brønderslev,02-B-08.01,"Boligområde Moltkes Allé, Dronninglund ",20210412,true,true,https://dokument.plandata.dk/20_10475426_1618389226633.pdf
1361524,10475432,10475426,810,Brønderslev,02-B-08.01,"Boligområde Moltkes Allé, Dronninglund ",20210412,true,true,https://dokument.plandata.dk/20_10475426_1618389226633.pdf
1361525,10475433,10475426,810,Brønderslev,02-B-08.01,"Boligområde Moltkes Allé, Dronninglund ",20210412,true,true,https://dokument.plandata.dk/20_10475426_1618389226633.pdf
1361526,10475434,10475426,810,Brønderslev,02-B-08.01,"Boligområde Moltkes Allé, Dronninglund ",20210412,true,true,https://dokument.plandata.dk/20_10475426_1618389226633.pdf
1431418,11258142,11207656,810,Brønderslev,02-B-18.01,"Boligområde ved Nørregade, Dronninglund",20240320,true,true,https://dokument.plandata.dk/20_11207656_1711021070867.pdf
1332099,9419530,3811943,561,Esbjerg,01-030-0005,"Lysningen, Boliger ved Vognsbølparken i Esbjerg",20180205,true,true,https://dokument.plandata.dk/20_3811943_1517942308244.pdf
1353637,10886459,10851304,430,Faaborg-Midtfyn,2021-10,"Solcelleanlæg, Ringe Nord",20220309,true,true,https://dokument.plandata.dk/20_10851304_1646906779824.pdf
1324038,9538156,9538153,710,Favrskov,378,378 - Lecaværket (inkl. tillæg nr. 5 til KP 2017-29),20190430,true,true,https://dokument.plandata.dk/20_9538153_1559721774495.pdf
1324039,9538163,9538153,710,Favrskov,378,378 - Lecaværket (inkl. tillæg nr. 5 til KP 2017-29),20190430,true,true,https://dokument.plandata.dk/20_9538153_1559721774495.pdf
1324040,9538162,9538153,710,Favrskov,378,378 - Lecaværket (inkl. tillæg nr. 5 til KP 2017-29),20190430,true,true,https://dokument.plandata.dk/20_9538153_1559721774495.pdf
1324041,9538161,9538153,710,Favrskov,378,378 - Lecaværket (inkl. tillæg nr. 5 til KP 2017-29),20190430,true,true,https://dokument.plandata.dk/20_9538153_1559721774495.pdf
1324042,9538158,9538153,710,Favrskov,378,378 - Lecaværket (inkl. tillæg nr. 5 til KP 2017-29),20190430,true,true,https://dokument.plandata.dk/20_9538153_1559721774495.pdf
1324043,9538159,9538153,710,Favrskov,378,378 - Lecaværket (inkl. tillæg nr. 5 til KP 2017-29),20190430,true,true,https://dokument.plandata.dk/20_9538153_1559721774495.pdf
1324132,11006414,11006410,710,Favrskov,415,415 -  Boligområde ved Herredsvej i Hinnerup,20220615,true,true,https://dokument.plandata.dk/20_11006410_1655278665289.pdf
1397420,10242018,10242015,320,Faxe,500-89,Boligområde på Grøndalsgrunden i Haslev,20201217,true,true,https://dokument.plandata.dk/20_10242015_1608625111292.pdf
1397421,10242019,10242015,320,Faxe,500-89,Boligområde på Grøndalsgrunden i Haslev,20201217,true,true,https://dokument.plandata.dk/20_10242015_1608625111292.pdf
1397422,10242020,10242015,320,Faxe,500-89,Boligområde på Grøndalsgrunden i Haslev,20201217,true,true,https://dokument.plandata.dk/20_10242015_1608625111292.pdf
1371149,10086499,10086163,210,Fredensborg,F123,Boliger ved Ulriksdal,20210525,true,true,https://dokument.plandata.dk/20_10086163_1622029732428.pdf
1371150,10086500,10086163,210,Fredensborg,F123,Boliger ved Ulriksdal,20210525,true,true,https://dokument.plandata.dk/20_10086163_1622029732428.pdf
1332215,9576934,9576923,607,Fredericia,LP 367,Renseanlæg og erhverv ved Røde Banke,20190617,true,true,https://dokument.plandata.dk/20_9576923_1562070377857.pdf
1332216,9576935,9576923,607,Fredericia,LP 367,Renseanlæg og erhverv ved Røde Banke,20190617,true,true,https://dokument.plandata.dk/20_9576923_1562070377857.pdf
1332217,9576936,9576923,607,Fredericia,LP 367,Renseanlæg og erhverv ved Røde Banke,20190617,true,true,https://dokument.plandata.dk/20_9576923_1562070377857.pdf
1329308,9498693,1074441,190,Furesø,L.069.V,Område mellem Elsevej og Hejrebakken,20030924,true,true,https://dokument.plandata.dk/20_1074441_APPROVED_1269332289501.pdf
1329310,9498694,1074441,190,Furesø,L.069.V,Område mellem Elsevej og Hejrebakken,20030924,true,true,https://dokument.plandata.dk/20_1074441_APPROVED_1269332289501.pdf
1479328,11253087,11253081,161,Glostrup,GL75.2,"Et område ved Glostrup Butikstorv, Diget",20231122,true,true,https://dokument.plandata.dk/20_11253081_1701358087021.pdf
1479329,11253089,11253081,161,Glostrup,GL75.2,"Et område ved Glostrup Butikstorv, Diget",20231122,true,true,https://dokument.plandata.dk/20_11253081_1701358087021.pdf
1479330,11286356,11253081,161,Glostrup,GL75.2,"Et område ved Glostrup Butikstorv, Diget",20231122,true,true,https://dokument.plandata.dk/20_11253081_1701358087021.pdf
1479331,11253091,11253081,161,Glostrup,GL75.2,"Et område ved Glostrup Butikstorv, Diget",20231122,true,true,https://dokument.plandata.dk/20_11253081_1701358087021.pdf
1479332,11286364,11253081,161,Glostrup,GL75.2,"Et område ved Glostrup Butikstorv, Diget",20231122,true,true,https://dokument.plandata.dk/20_11253081_1701358087021.pdf
1479333,11286361,11253081,161,Glostrup,GL75.2,"Et område ved Glostrup Butikstorv, Diget",20231122,true,true,https://dokument.plandata.dk/20_11253081_1701358087021.pdf
1479345,9491641,1102765,161,Glostrup,GL80.1,Område i Rådhusparken ved Sydvestvej,20020313,true,true,https://dokument.plandata.dk/20_1102765_APPROVED_1220441970550.pdf
1328138,9531807,1045904,253,Greve,15.16,Lokalplan nr. 15.16 for Byagerlunden,20080129,true,true,https://dokument.plandata.dk/20_1045904_APPROVED_1204286590219.pdf
1361938,11169966,11169960,270,Gribskov,347.06,Blistrup Nord,20221108,true,true,https://dokument.plandata.dk/20_11169960_1667983300864.pdf
1361939,11169967,11169960,270,Gribskov,347.06,Blistrup Nord,20221108,true,true,https://dokument.plandata.dk/20_11169960_1667983300864.pdf
1361940,11169968,11169960,270,Gribskov,347.06,Blistrup Nord,20221108,true,true,https://dokument.plandata.dk/20_11169960_1667983300864.pdf
1361941,11169969,11169960,270,Gribskov,347.06,Blistrup Nord,20221108,true,true,https://dokument.plandata.dk/20_11169960_1667983300864.pdf
1361942,11169970,11169960,270,Gribskov,347.06,Blistrup Nord,20221108,true,true,https://dokument.plandata.dk/20_11169960_1667983300864.pdf
1361943,11169971,11169960,270,Gribskov,347.06,Blistrup Nord,20221108,true,true,https://dokument.plandata.dk/20_11169960_1667983300864.pdf
1361944,11169972,11169960,270,Gribskov,347.06,Blistrup Nord,20221108,true,true,https://dokument.plandata.dk/20_11169960_1667983300864.pdf
1362068,10919362,10919149,376,Guldborgsund,209,DLG Grunden,20221026,true,true,https://dokument.plandata.dk/20_10919149_1671096703237.pdf
1362069,10919367,10919149,376,Guldborgsund,209,DLG Grunden,20221026,true,true,https://dokument.plandata.dk/20_10919149_1671096703237.pdf
1362070,10919390,10919149,376,Guldborgsund,209,DLG Grunden,20221026,true,true,https://dokument.plandata.dk/20_10919149_1671096703237.pdf
1362071,10919391,10919149,376,Guldborgsund,209,DLG Grunden,20221026,true,true,https://dokument.plandata.dk/20_10919149_1671096703237.pdf
1362072,10919392,10919149,376,Guldborgsund,209,DLG Grunden,20221026,true,true,https://dokument.plandata.dk/20_10919149_1671096703237.pdf
1362073,10919393,10919149,376,Guldborgsund,209,DLG Grunden,20221026,true,true,https://dokument.plandata.dk/20_10919149_1671096703237.pdf
1362074,10919476,10919149,376,Guldborgsund,209,DLG Grunden,20221026,true,true,https://dokument.plandata.dk/20_10919149_1671096703237.pdf
1362075,10919478,10919149,376,Guldborgsund,209,DLG Grunden,20221026,true,true,https://dokument.plandata.dk/20_10919149_1671096703237.pdf
1369971,10652936,10609785,376,Guldborgsund,205,Solcellepark ved Radsted,20210624,true,true,https://dokument.plandata.dk/20_10609785_1629355715172.pdf
1369972,10652937,10609785,376,Guldborgsund,205,Solcellepark ved Radsted,20210624,true,true,https://dokument.plandata.dk/20_10609785_1629355715172.pdf
1369973,10795756,10795753,376,Guldborgsund,206,Solcellepark ved Grænge,20211014,true,true,https://dokument.plandata.dk/20_10795753_1638353161940.pdf
1369974,10795755,10795753,376,Guldborgsund,206,Solcellepark ved Grænge,20211014,true,true,https://dokument.plandata.dk/20_10795753_1638353161940.pdf
1370950,11270586,3018203,510,Haderslev,10-47,Blandet byområde ved Skallebækvej i Haderslev,20231219,true,true,https://dokument.plandata.dk/20_3018203_1703058751310.pdf
1370953,11270590,3018203,510,Haderslev,10-47,Blandet byområde ved Skallebækvej i Haderslev,20231219,true,true,https://dokument.plandata.dk/20_3018203_1703058751310.pdf
1452936,12139446,12139435,510,Haderslev,12-14,Rekreativt område ved Folevej,20260326,true,true,https://dokument.plandata.dk/20_12139435_1775560546114.pdf
1452937,12139655,12139435,510,Haderslev,12-14,Rekreativt område ved Folevej,20260326,true,true,https://dokument.plandata.dk/20_12139435_1775560546114.pdf
1452938,12139657,12139435,510,Haderslev,12-14,Rekreativt område ved Folevej,20260326,true,true,https://dokument.plandata.dk/20_12139435_1775560546114.pdf
1452939,12139659,12139435,510,Haderslev,12-14,Rekreativt område ved Folevej,20260326,true,true,https://dokument.plandata.dk/20_12139435_1775560546114.pdf
1452940,12139652,12139435,510,Haderslev,12-14,Rekreativt område ved Folevej,20260326,true,true,https://dokument.plandata.dk/20_12139435_1775560546114.pdf
1362177,9545531,9545514,217,Helsingør,3.51,Boliger på hjørnet af Gefionsbakken og Mørdrupvej,20190225,true,true,https://dokument.plandata.dk/20_9545514_1551960105113.pdf
1362178,9545545,9545514,217,Helsingør,3.51,Boliger på hjørnet af Gefionsbakken og Mørdrupvej,20190225,true,true,https://dokument.plandata.dk/20_9545514_1551960105113.pdf
1372878,10917937,10814668,163,Herlev,121,Et bolig- og erhvervsområde på Hørkær og Vasekær,20211208,true,true,https://dokument.plandata.dk/20_10814668_1639564642543.pdf
1372879,10917939,10814668,163,Herlev,121,Et bolig- og erhvervsområde på Hørkær og Vasekær,20211208,true,true,https://dokument.plandata.dk/20_10814668_1639564642543.pdf
1372880,10917940,10814668,163,Herlev,121,Et bolig- og erhvervsområde på Hørkær og Vasekær,20211208,true,true,https://dokument.plandata.dk/20_10814668_1639564642543.pdf
1372881,11021365,11021353,163,Herlev,126,Udvikling af Herlev plejecenter og boliger,20221012,true,true,https://dokument.plandata.dk/20_11021353_1665660818300.pdf
1363043,10983834,10983818,219,Hillerød,471,Fujifilm Diosynth,20220622,true,true,https://dokument.plandata.dk/20_10983818_1656419773450.pdf
1363044,10983835,10983818,219,Hillerød,471,Fujifilm Diosynth,20220622,true,true,https://dokument.plandata.dk/20_10983818_1656419773450.pdf
1363471,9610704,9576937,316,Holbæk,2.88,Boligområdet ved Torpet II,20190917,true,true,https://dokument.plandata.dk/20_9576937_1568709223883.pdf
1369662,10685994,10685925,661,Holstebro,1167,Område til akvakulturvirksomhed ved Råstvej nordvest for Vinderup,20210615,true,true,https://dokument.plandata.dk/20_10685925_1624363237764.pdf
1444056,12129678,12129673,615,Horsens,403,"403, Lokalcenter, Torstedallé, Torsted, Horsens",20260303,true,true,https://dokument.plandata.dk/20_12129673_1773215857403.pdf
1444057,12129679,12129673,615,Horsens,403,"403, Lokalcenter, Torstedallé, Torsted, Horsens",20260303,true,true,https://dokument.plandata.dk/20_12129673_1773215857403.pdf
1367508,11255518,11255515,223,Hørsholm,186,NGG og Christianshus,20231127,true,true,https://dokument.plandata.dk/20_11255515_1703082523324.pdf
1393025,9438696,2969820,101,København,310-6,Teglværkshavnen tillæg 6,20161215,true,true,https://dokument.plandata.dk/20_2969820_1761642436572.pdf
1459908,9501494,177687,410,Middelfart,23.09,Erhvervsområde ved Middelfart station,19870504,true,true,https://dokument.plandata.dk/20_177687_1678802782242.pdf
1488456,9495783,1062340,370,Næstved,402,402 Krummerup by - bevarende lokalplan,20000817,true,true,https://dokument.plandata.dk/20_1062340_APPROVED_1198139727858.pdf
1488457,9495805,1062340,370,Næstved,402,402 Krummerup by - bevarende lokalplan,20000817,true,true,https://dokument.plandata.dk/20_1062340_APPROVED_1198139727858.pdf
1488458,9495780,1062340,370,Næstved,402,402 Krummerup by - bevarende lokalplan,20000817,true,true,https://dokument.plandata.dk/20_1062340_APPROVED_1198139727858.pdf
1367982,11171165,11171164,329,Ringsted,22-006707,Lokalplan 329 - Blandet bolig og erhverv mellem Egerupvej og Skovagervej,20230109,true,true,https://dokument.plandata.dk/20_11171164_1673433817696.pdf
1367983,11171167,11171164,329,Ringsted,22-006707,Lokalplan 329 - Blandet bolig og erhverv mellem Egerupvej og Skovagervej,20230109,true,true,https://dokument.plandata.dk/20_11171164_1673433817696.pdf
1367984,11171168,11171164,329,Ringsted,22-006707,Lokalplan 329 - Blandet bolig og erhverv mellem Egerupvej og Skovagervej,20230109,true,true,https://dokument.plandata.dk/20_11171164_1673433817696.pdf
1300519,11427158,11427105,265,Roskilde,732,"Lokalplan 732 for boliger, bosted og gravplads på Trekroner Parkvej",20250122,true,true,https://dokument.plandata.dk/20_11427105_1739958880228.pdf
1300520,11427159,11427105,265,Roskilde,732,"Lokalplan 732 for boliger, bosted og gravplads på Trekroner Parkvej",20250122,true,true,https://dokument.plandata.dk/20_11427105_1739958880228.pdf
1300521,11427160,11427105,265,Roskilde,732,"Lokalplan 732 for boliger, bosted og gravplads på Trekroner Parkvej",20250122,true,true,https://dokument.plandata.dk/20_11427105_1739958880228.pdf
1300522,11427162,11427105,265,Roskilde,732,"Lokalplan 732 for boliger, bosted og gravplads på Trekroner Parkvej",20250122,true,true,https://dokument.plandata.dk/20_11427105_1739958880228.pdf
1300523,11427163,11427105,265,Roskilde,732,"Lokalplan 732 for boliger, bosted og gravplads på Trekroner Parkvej",20250122,true,true,https://dokument.plandata.dk/20_11427105_1739958880228.pdf
1300524,11427164,11427105,265,Roskilde,732,"Lokalplan 732 for boliger, bosted og gravplads på Trekroner Parkvej",20250122,true,true,https://dokument.plandata.dk/20_11427105_1739958880228.pdf
1300525,11427165,11427105,265,Roskilde,732,"Lokalplan 732 for boliger, bosted og gravplads på Trekroner Parkvej",20250122,true,true,https://dokument.plandata.dk/20_11427105_1739958880228.pdf
1300526,11427166,11427105,265,Roskilde,732,"Lokalplan 732 for boliger, bosted og gravplads på Trekroner Parkvej",20250122,true,true,https://dokument.plandata.dk/20_11427105_1739958880228.pdf
1300527,11427167,11427105,265,Roskilde,732,"Lokalplan 732 for boliger, bosted og gravplads på Trekroner Parkvej",20250122,true,true,https://dokument.plandata.dk/20_11427105_1739958880228.pdf
1300528,11427168,11427105,265,Roskilde,732,"Lokalplan 732 for boliger, bosted og gravplads på Trekroner Parkvej",20250122,true,true,https://dokument.plandata.dk/20_11427105_1739958880228.pdf
1300529,11427169,11427105,265,Roskilde,732,"Lokalplan 732 for boliger, bosted og gravplads på Trekroner Parkvej",20250122,true,true,https://dokument.plandata.dk/20_11427105_1739958880228.pdf
1300530,11427170,11427105,265,Roskilde,732,"Lokalplan 732 for boliger, bosted og gravplads på Trekroner Parkvej",20250122,true,true,https://dokument.plandata.dk/20_11427105_1739958880228.pdf
1300531,11427171,11427105,265,Roskilde,732,"Lokalplan 732 for boliger, bosted og gravplads på Trekroner Parkvej",20250122,true,true,https://dokument.plandata.dk/20_11427105_1739958880228.pdf
1300536,11427161,11427105,265,Roskilde,732,"Lokalplan 732 for boliger, bosted og gravplads på Trekroner Parkvej",20250122,true,true,https://dokument.plandata.dk/20_11427105_1739958880228.pdf
1405894,9706583,9693508,265,Roskilde,691,Boliger ved Gundsø Omsorgscenter i Ågerup,20200617,true,true,https://dokument.plandata.dk/20_9693508_1593162014923.pdf
1405895,9706584,9693508,265,Roskilde,691,Boliger ved Gundsø Omsorgscenter i Ågerup,20200617,true,true,https://dokument.plandata.dk/20_9693508_1593162014923.pdf
1415527,12121778,12121774,740,Silkeborg,14-027,Boligområde ved Sejlgård i Funder,20251216,true,true,https://dokument.plandata.dk/20_12121774_1768309936845.pdf
1415528,12121791,12121774,740,Silkeborg,14-027,Boligområde ved Sejlgård i Funder,20251216,true,true,https://dokument.plandata.dk/20_12121774_1768309936845.pdf
1415529,12121786,12121774,740,Silkeborg,14-027,Boligområde ved Sejlgård i Funder,20251216,true,true,https://dokument.plandata.dk/20_12121774_1768309936845.pdf
1415530,12121787,12121774,740,Silkeborg,14-027,Boligområde ved Sejlgård i Funder,20251216,true,true,https://dokument.plandata.dk/20_12121774_1768309936845.pdf
1415531,12121788,12121774,740,Silkeborg,14-027,Boligområde ved Sejlgård i Funder,20251216,true,true,https://dokument.plandata.dk/20_12121774_1768309936845.pdf
1415532,12121789,12121774,740,Silkeborg,14-027,Boligområde ved Sejlgård i Funder,20251216,true,true,https://dokument.plandata.dk/20_12121774_1768309936845.pdf
1415533,12121790,12121774,740,Silkeborg,14-027,Boligområde ved Sejlgård i Funder,20251216,true,true,https://dokument.plandata.dk/20_12121774_1768309936845.pdf
1415534,12121794,12121774,740,Silkeborg,14-027,Boligområde ved Sejlgård i Funder,20251216,true,true,https://dokument.plandata.dk/20_12121774_1768309936845.pdf
1415535,12121784,12121774,740,Silkeborg,14-027,Boligområde ved Sejlgård i Funder,20251216,true,true,https://dokument.plandata.dk/20_12121774_1768309936845.pdf
1415536,12121785,12121774,740,Silkeborg,14-027,Boligområde ved Sejlgård i Funder,20251216,true,true,https://dokument.plandata.dk/20_12121774_1768309936845.pdf
1415537,12121906,12121774,740,Silkeborg,14-027,Boligområde ved Sejlgård i Funder,20251216,true,true,https://dokument.plandata.dk/20_12121774_1768309936845.pdf
1415538,12121792,12121774,740,Silkeborg,14-027,Boligområde ved Sejlgård i Funder,20251216,true,true,https://dokument.plandata.dk/20_12121774_1768309936845.pdf
1415539,12121793,12121774,740,Silkeborg,14-027,Boligområde ved Sejlgård i Funder,20251216,true,true,https://dokument.plandata.dk/20_12121774_1768309936845.pdf
1350257,9505391,1063565,779,Skive,108,Jordbrugsparceller ved Villaparken i Balling,19990127,true,true,https://dokument.plandata.dk/20_1063565_DRAFT_1198233213760.pdf
1350334,9505495,1061272,779,Skive,18,Erhvervsområde i Breum,19860513,true,true,https://dokument.plandata.dk/20_1061272_DRAFT_1197633396944.pdf
1350335,9505416,1061272,779,Skive,18,Erhvervsområde i Breum,19860513,true,true,https://dokument.plandata.dk/20_1061272_DRAFT_1197633396944.pdf
1359381,9505318,1066728,779,Skive,76,"Erhvervsområde, K.E. Møbler",19940215,true,true,https://dokument.plandata.dk/20_1066728_DRAFT_1200038769843.pdf
1359382,9505317,1066728,779,Skive,76,"Erhvervsområde, K.E. Møbler",19940215,true,true,https://dokument.plandata.dk/20_1066728_DRAFT_1200038769843.pdf
1359383,9505319,1066728,779,Skive,76,"Erhvervsområde, K.E. Møbler",19940215,true,true,https://dokument.plandata.dk/20_1066728_DRAFT_1200038769843.pdf
1359384,9563190,1080557,779,Skive,BPV nr. 5,Partiel Byplanvedtægt nr. 5,19721019,true,true,https://dokument.plandata.dk/20_1080557_DRAFT_1208526846571.pdf
1359385,9563191,1080557,779,Skive,BPV nr. 5,Partiel Byplanvedtægt nr. 5,19721019,true,true,https://dokument.plandata.dk/20_1080557_DRAFT_1208526846571.pdf
1381655,9551803,2678558,779,Skive,259,Ny boligbebyggelse ved Møllekrogen i Dommerby,20140128,true,true,https://dokument.plandata.dk/20_2678558_1391152701822.pdf
1381656,9551804,2678558,779,Skive,259,Ny boligbebyggelse ved Møllekrogen i Dommerby,20140128,true,true,https://dokument.plandata.dk/20_2678558_1391152701822.pdf
1368193,9609294,9609292,479,Svendborg,001.319 tillæg nr. 1,Indgangsparti til Hotel Svendborg,20190625,true,true,https://dokument.plandata.dk/20_9609292_1562149806541.pdf
1368202,10901386,10901377,479,Svendborg,670,"For en udvidelse af eksisterende dagligvarebutik, Mølmarksvej",20211209,true,true,https://dokument.plandata.dk/20_10901377_1639124920256.pdf
1365239,10498080,10498079,540,Sønderborg,7.2-3,"Butiksområde ved Sundsnæs, Gråsten",20210624,true,true,https://dokument.plandata.dk/20_10498079_1624614134332.pdf
1365581,11240297,11240279,787,Thisted,1-049,"Butik og erhverv på Østerbakken 56-64, Thisted",20230829,true,true,https://dokument.plandata.dk/20_11240279_1693820920165.pdf
1332374,11040088,11026913,575,Vejen,320,Udvidelse af centerområde ved Østergade i Rødding,20220613,true,true,https://dokument.plandata.dk/20_11026913_1655363726715.pdf
1333461,9479401,179604,575,Vejen,42+Til,Område i Vejen Bycenter,19860113,true,true,https://dokument.plandata.dk/20_179604_1491473290458.pdf
1333462,9479402,179604,575,Vejen,42+Til,Område i Vejen Bycenter,19860113,true,true,https://dokument.plandata.dk/20_179604_1491473290458.pdf
1333463,9479403,179604,575,Vejen,42+Til,Område i Vejen Bycenter,19860113,true,true,https://dokument.plandata.dk/20_179604_1491473290458.pdf
1333464,9479404,179604,575,Vejen,42+Til,Område i Vejen Bycenter,19860113,true,true,https://dokument.plandata.dk/20_179604_1491473290458.pdf
1333465,9479405,179604,575,Vejen,42+Til,Område i Vejen Bycenter,19860113,true,true,https://dokument.plandata.dk/20_179604_1491473290458.pdf
1353639,9453475,1218726,630,Vejle,1070,"Erhvervsområde ved Jellingvej og Hover Kirkevej, Vejle",20091216,true,true,https://dokument.plandata.dk/20_1218726_PROPOSAL_1262685905897.pdf
1353640,9453476,1218726,630,Vejle,1070,"Erhvervsområde ved Jellingvej og Hover Kirkevej, Vejle",20091216,true,true,https://dokument.plandata.dk/20_1218726_PROPOSAL_1262685905897.pdf
1365401,9465575,1317724,630,Vejle,201,"Boligområde ved Vestre Engvej, Sønderå, Boulevarden, Vejle",20070206,true,true,https://dokument.plandata.dk/20_1317724_APPROVED_1259155731631.pdf
1365402,9465576,1317724,630,Vejle,201,"Boligområde ved Vestre Engvej, Sønderå, Boulevarden, Vejle",20070206,true,true,https://dokument.plandata.dk/20_1317724_APPROVED_1259155731631.pdf
1365403,9465577,1317724,630,Vejle,201,"Boligområde ved Vestre Engvej, Sønderå, Boulevarden, Vejle",20070206,true,true,https://dokument.plandata.dk/20_1317724_APPROVED_1259155731631.pdf
1365404,9465579,1317724,630,Vejle,201,"Boligområde ved Vestre Engvej, Sønderå, Boulevarden, Vejle",20070206,true,true,https://dokument.plandata.dk/20_1317724_APPROVED_1259155731631.pdf
1365405,9465582,1317724,630,Vejle,201,"Boligområde ved Vestre Engvej, Sønderå, Boulevarden, Vejle",20070206,true,true,https://dokument.plandata.dk/20_1317724_APPROVED_1259155731631.pdf
1365406,9465583,1317724,630,Vejle,201,"Boligområde ved Vestre Engvej, Sønderå, Boulevarden, Vejle",20070206,true,true,https://dokument.plandata.dk/20_1317724_APPROVED_1259155731631.pdf
1365477,11228261,11158639,630,Vejle,1365,"Boliger ved Nørrebrogade, Vejle",20230524,true,true,https://dokument.plandata.dk/20_11158639_1685082623267.pdf
1365084,10918396,10918081,791,Viborg,567,"Område til boliger og almen service syd for Randersvej i Taphede, Viborg Øst",20220315,true,true,https://dokument.plandata.dk/20_10918081_1648113606729.pdf
1329454,9527705,1071798,390,Vordingborg,B-105.1,Boligområde øst for Hulemose Sø i Nyråd,19790926,true,true,https://dokument.plandata.dk/20_1071798_DRAFT_1202372924894.pdf
1329455,9527802,1071798,390,Vordingborg,B-105.1,Boligområde øst for Hulemose Sø i Nyråd,19790926,true,true,https://dokument.plandata.dk/20_1071798_DRAFT_1202372924894.pdf
1329457,9527814,1071798,390,Vordingborg,B-105.1,Boligområde øst for Hulemose Sø i Nyråd,19790926,true,true,https://dokument.plandata.dk/20_1071798_DRAFT_1202372924894.pdf
1329464,9527712,1071798,390,Vordingborg,B-105.1,Boligområde øst for Hulemose Sø i Nyråd,19790926,true,true,https://dokument.plandata.dk/20_1071798_DRAFT_1202372924894.pdf
1329466,9527758,1071798,390,Vordingborg,B-105.1,Boligområde øst for Hulemose Sø i Nyråd,19790926,true,true,https://dokument.plandata.dk/20_1071798_DRAFT_1202372924894.pdf
1329468,9527760,1071798,390,Vordingborg,B-105.1,Boligområde øst for Hulemose Sø i Nyråd,19790926,true,true,https://dokument.plandata.dk/20_1071798_DRAFT_1202372924894.pdf
1329520,9527656,3275559,390,Vordingborg,B 16.01.01,Boliger i Fjordgården,20170313,true,true,https://dokument.plandata.dk/20_3275559_1489408524671.pdf
1329521,9527683,3275559,390,Vordingborg,B 16.01.01,Boliger i Fjordgården,20170313,true,true,https://dokument.plandata.dk/20_3275559_1489408524671.pdf
1329522,9527697,3275559,390,Vordingborg,B 16.01.01,Boliger i Fjordgården,20170313,true,true,https://dokument.plandata.dk/20_3275559_1489408524671.pdf
1329933,9701186,9701184,390,Vordingborg,C 17.08.01,Dagligvarebutik ved Bryggervangen i Vordingborg,20200304,true,true,https://dokument.plandata.dk/20_9701184_1583772514302.pdf
1330192,9527653,176794,390,Vordingborg,Nr. 69,"Området Torvet, Storegade, Havnestræde, Provstestræde og Kirkepladsen",19961107,true,true,https://dokument.plandata.dk/20_176794_DRAFT_1158427090802.pdf
1330194,9527678,176794,390,Vordingborg,Nr. 69,"Området Torvet, Storegade, Havnestræde, Provstestræde og Kirkepladsen",19961107,true,true,https://dokument.plandata.dk/20_176794_DRAFT_1158427090802.pdf
1330198,9527767,176794,390,Vordingborg,Nr. 69,"Området Torvet, Storegade, Havnestræde, Provstestræde og Kirkepladsen",19961107,true,true,https://dokument.plandata.dk/20_176794_DRAFT_1158427090802.pdf
1330204,11967261,176794,390,Vordingborg,Nr. 69,"Området Torvet, Storegade, Havnestræde, Provstestræde og Kirkepladsen",19961107,true,true,https://dokument.plandata.dk/20_176794_DRAFT_1158427090802.pdf
1334549,9628839,9628825,390,Vordingborg,T 04.01.01,Biogasanlæg Lynggården,20190918,true,true,https://dokument.plandata.dk/20_9628825_1569927593574.pdf
1334551,9628842,9628825,390,Vordingborg,T 04.01.01,Biogasanlæg Lynggården,20190918,true,true,https://dokument.plandata.dk/20_9628825_1569927593574.pdf
1334636,9527891,1072062,390,Vordingborg,C-17.1,Centerområde i Masnedsund,20060529,true,true,https://dokument.plandata.dk/20_1072062_1681731585565.pdf
1334637,9527900,1072062,390,Vordingborg,C-17.1,Centerområde i Masnedsund,20060529,true,true,https://dokument.plandata.dk/20_1072062_1681731585565.pdf
1345986,9527757,176781,390,Vordingborg,Nr. 46,Område til bolig- og centerformål ved Storegade i Stege,19890220,true,true,https://dokument.plandata.dk/20_176781_DRAFT_1158427073006.pdf
1345988,9527842,176781,390,Vordingborg,Nr. 46,Område til bolig- og centerformål ved Storegade i Stege,19890220,true,true,https://dokument.plandata.dk/20_176781_DRAFT_1158427073006.pdf
