ine_code,municipio,provincia,ccaa,population,rank,tier,region_tier
"28079","Madrid","Madrid","Comunidad de Madrid",3506730,1,"SEED","T1-VERIFIED-CLASSIFICATION-ONLY(city)"
"08019","Barcelona","Barcelona","Cataluña",1731649,2,"SEED","T1-VERIFIED-CLASSIFICATION-ONLY"
"46250","València","Valencia/València","Comunitat Valenciana",840792,3,"SEED","T1-VERIFIED-CLASSIFICATION-ONLY(+sector-edif)"
"50297","Zaragoza","Zaragoza","Aragón",693091,4,"SEED","T3-UNVERIFIED"
"41091","Sevilla","Sevilla","Andalucía",689423,5,"SEED","T3-DOCUMENT-REGISTRY(no-geometry-wfs-confirmed)"
"29067","Málaga","Málaga","Andalucía",599063,6,"SEED","T3-DOCUMENT-REGISTRY(no-geometry-wfs-confirmed)"
"30030","Murcia","Murcia","Región de Murcia",479405,7,"SEED","T3-UNVERIFIED"
"07040","Palma","Balears, Illes","Illes Balears",434786,8,"SEED","T3-UNVERIFIED"
"35016","Palmas de Gran Canaria, Las","Palmas, Las","Canarias",381868,9,"SEED","T3-UNVERIFIED"
"03014","Alacant/Alicante","Alicante/Alacant","Comunitat Valenciana",366221,10,"SEED","T1-VERIFIED-CLASSIFICATION-ONLY(+sector-edif)"
"48020","Bilbao","Bizkaia","País Vasco",351124,11,"SEED","T3-FORAL-CADASTRE-BLOCKER"
"14021","Córdoba","Córdoba","Andalucía",323262,12,"SEED","T3-DOCUMENT-REGISTRY(no-geometry-wfs-confirmed)"
"47186","Valladolid","Valladolid","Castilla y León",302614,13,"SEED","T2-PDF-CEDULA-ONLY(sourced)"
"36057","Vigo","Pontevedra","Galicia",294489,14,"SEED","T2-PORTAL-CLASSIFICATION(legal-override-caveat)"
"08101","Hospitalet de Llobregat, L'","Barcelona","Cataluña",289510,15,"SEED","T1-VERIFIED-CLASSIFICATION-ONLY"
"33024","Gijón","Asturias","Principado de Asturias",269894,16,"SEED","T3-UNVERIFIED"
"01059","Vitoria-Gasteiz","Araba/Álava","País Vasco",260699,17,"SEED","T3-FORAL-CADASTRE-BLOCKER"
"15030","Coruña, A","Coruña, A","Galicia",251543,18,"SEED","T2-PORTAL-CLASSIFICATION(legal-override-caveat)"
"03065","Elx/Elche","Alicante/Alacant","Comunitat Valenciana",245557,19,"SEED","T1-VERIFIED-CLASSIFICATION-ONLY(+sector-edif)"
"18087","Granada","Granada","Andalucía",233975,20,"SEED","T3-DOCUMENT-REGISTRY(no-geometry-wfs-confirmed)"
"08279","Terrassa","Barcelona","Cataluña",233270,21,"SEED","T1-VERIFIED-CLASSIFICATION-ONLY"
"08015","Badalona","Barcelona","Cataluña",231542,22,"SEED","T1-VERIFIED-CLASSIFICATION-ONLY"
"08187","Sabadell","Barcelona","Cataluña",225368,23,"SEED","T1-VERIFIED-CLASSIFICATION-ONLY"
"33044","Oviedo","Asturias","Principado de Asturias",223968,24,"SEED","T3-UNVERIFIED"
"30016","Cartagena","Murcia","Región de Murcia",220704,25,"SEED","T3-UNVERIFIED"
"28092","Móstoles","Madrid","Comunidad de Madrid",214817,26,"SEED","T1-VERIFIED-CLASSIFICATION-ONLY(city)"
"11020","Jerez de la Frontera","Cádiz","Andalucía",213634,27,"SEED","T3-DOCUMENT-REGISTRY(no-geometry-wfs-confirmed)"
"38038","Santa Cruz de Tenerife","Santa Cruz de Tenerife","Canarias",211957,28,"SEED","T3-UNVERIFIED"
"31201","Pamplona/Iruña","Navarra","Comunidad Foral de Navarra",209094,29,"SEED","T3-FORAL-CADASTRE-BLOCKER"
"04013","Almería","Almería","Andalucía",205468,30,"SEED","T3-DOCUMENT-REGISTRY(no-geometry-wfs-confirmed)"
"28005","Alcalá de Henares","Madrid","Comunidad de Madrid",203208,31,"SEED","T1-VERIFIED-CLASSIFICATION-ONLY(city)"
"28074","Leganés","Madrid","Comunidad de Madrid",195734,32,"SEED","T1-VERIFIED-CLASSIFICATION-ONLY(city)"
"28065","Getafe","Madrid","Comunidad de Madrid",193238,33,"SEED","T1-VERIFIED-CLASSIFICATION-ONLY(city)"
"28058","Fuenlabrada","Madrid","Comunidad de Madrid",190076,34,"SEED","T1-VERIFIED-CLASSIFICATION-ONLY(city)"
"20069","Donostia/San Sebastián","Gipuzkoa","País Vasco",189866,35,"SEED","T3-FORAL-CADASTRE-BLOCKER"
"12040","Castelló de la Plana/Castellón de la Plana","Castellón/Castelló","Comunitat Valenciana",183711,36,"SEED","T1-VERIFIED-CLASSIFICATION-ONLY(+sector-edif)"
"09059","Burgos","Burgos","Castilla y León",177402,37,"SEED","T2-PDF-CEDULA-ONLY(sourced)"
"28007","Alcorcón","Madrid","Comunidad de Madrid",175719,38,"SEED","T1-VERIFIED-CLASSIFICATION-ONLY(city)"
"39075","Santander","Cantabria","Cantabria",175425,39,"SEED","T3-UNVERIFIED"
"02003","Albacete","Albacete","Castilla-La Mancha",175400,40,"SEED","T3-UNVERIFIED"
"38023","San Cristóbal de La Laguna","Santa Cruz de Tenerife","Canarias",161108,41,"SEED","T3-UNVERIFIED"
"29069","Marbella","Málaga","Andalucía",159786,42,"SEED","T3-DOCUMENT-REGISTRY(no-geometry-wfs-confirmed)"
"26089","Logroño","Rioja, La","La Rioja",152150,43,"SEED","T3-UNVERIFIED"
"06015","Badajoz","Badajoz","Extremadura",150209,44,"SEED","T3-UNVERIFIED"
"25120","Lleida","Lleida","Cataluña",146266,45,"SEED","T1-VERIFIED-CLASSIFICATION-ONLY"
"37274","Salamanca","Salamanca","Castilla y León",146110,46,"SEED","T2-PDF-CEDULA-ONLY(sourced)"
"43148","Tarragona","Tarragona","Cataluña",143649,47,"SEED","T1-VERIFIED-CLASSIFICATION-ONLY"
"28148","Torrejón de Ardoz","Madrid","Comunidad de Madrid",143526,48,"SEED","T1-VERIFIED-CLASSIFICATION-ONLY(city)"
"21041","Huelva","Huelva","Andalucía",143215,49,"SEED","T3-DOCUMENT-REGISTRY(no-geometry-wfs-confirmed)"
"41038","Dos Hermanas","Sevilla","Andalucía",142519,50,"SEED","T3-DOCUMENT-REGISTRY(no-geometry-wfs-confirmed)"
"28106","Parla","Madrid","Comunidad de Madrid",137471,51,"SEED","T1-VERIFIED-CLASSIFICATION-ONLY(city)"
"08121","Mataró","Barcelona","Cataluña",131683,52,"SEED","T1-VERIFIED-CLASSIFICATION-ONLY"
"11004","Algeciras","Cádiz","Andalucía",126589,53,"SEED","T3-DOCUMENT-REGISTRY(no-geometry-wfs-confirmed)"
"08245","Santa Coloma de Gramenet","Barcelona","Cataluña",123981,54,"SEED","T1-VERIFIED-CLASSIFICATION-ONLY"
"24089","León","León","Castilla y León",123446,55,"SEED","T2-PDF-CEDULA-ONLY(sourced)"
"28006","Alcobendas","Madrid","Comunidad de Madrid",123342,56,"SEED","T1-VERIFIED-CLASSIFICATION-ONLY(city)"
"23050","Jaén","Jaén","Andalucía",112235,57,"SEED","T3-DOCUMENT-REGISTRY(no-geometry-wfs-confirmed)"
"43123","Reus","Tarragona","Cataluña",111601,58,"SEED","T1-VERIFIED-CLASSIFICATION-ONLY"
"04079","Roquetas de Mar","Almería","Andalucía",111240,59,"SEED","T3-DOCUMENT-REGISTRY(no-geometry-wfs-confirmed)"
"11012","Cádiz","Cádiz","Andalucía",109950,60,"SEED","T3-DOCUMENT-REGISTRY(no-geometry-wfs-confirmed)"
"17079","Girona","Girona","Cataluña",108666,61,"SEED","T1-VERIFIED-CLASSIFICATION-ONLY"
"32054","Ourense","Ourense","Galicia",105769,62,"SEED","T2-PORTAL-CLASSIFICATION(legal-override-caveat)"
"35026","Telde","Palmas, Las","Canarias",104168,63,"SEED","T3-UNVERIFIED"
"28123","Rivas-Vaciamadrid","Madrid","Comunidad de Madrid",103148,64,"SEED","T1-VERIFIED-CLASSIFICATION-ONLY(city)"
"48013","Barakaldo","Bizkaia","País Vasco",102986,65,"SEED","T3-FORAL-CADASTRE-BLOCKER"
"15078","Santiago de Compostela","Coruña, A","Galicia",100965,66,"SEED","T2-PORTAL-CLASSIFICATION(legal-override-caveat)"
"27028","Lugo","Lugo","Galicia",100143,67,"SEED","T2-PORTAL-CLASSIFICATION(legal-override-caveat)"
"28127","Rozas de Madrid, Las","Madrid","Comunidad de Madrid",99037,68,"SEED","T1-VERIFIED-CLASSIFICATION-ONLY(city)"
"30024","Lorca","Murcia","Región de Murcia",98969,69,"SEED","T3-UNVERIFIED"
"03133","Torrevieja","Alicante/Alacant","Comunitat Valenciana",98533,70,"SEED","T1-VERIFIED-CLASSIFICATION-ONLY(+sector-edif)"
"08205","Sant Cugat del Vallès","Barcelona","Cataluña",97983,71,"SEED","T1-VERIFIED-CLASSIFICATION-ONLY"
"28134","San Sebastián de los Reyes","Madrid","Comunidad de Madrid",96992,72,"SEED","T1-VERIFIED-CLASSIFICATION-ONLY(city)"
"10037","Cáceres","Cáceres","Extremadura",96651,73,"SEED","T3-UNVERIFIED"
"29070","Mijas","Málaga","Andalucía",95104,74,"SEED","T3-DOCUMENT-REGISTRY(no-geometry-wfs-confirmed)"
"11031","San Fernando","Cádiz","Andalucía",93338,75,"SEED","T3-DOCUMENT-REGISTRY(no-geometry-wfs-confirmed)"
"19130","Guadalajara","Guadalajara","Castilla-La Mancha",92834,76,"SEED","T3-UNVERIFIED"
"08073","Cornellà de Llobregat","Barcelona","Cataluña",92237,77,"SEED","T1-VERIFIED-CLASSIFICATION-ONLY"
"04902","Ejido, El","Almería","Andalucía",91440,78,"SEED","T3-DOCUMENT-REGISTRY(no-geometry-wfs-confirmed)"
"46244","Torrent","Valencia/València","Comunitat Valenciana",90928,79,"SEED","T1-VERIFIED-CLASSIFICATION-ONLY(+sector-edif)"
"11015","Chiclana de la Frontera","Cádiz","Andalucía",90864,80,"SEED","T3-DOCUMENT-REGISTRY(no-geometry-wfs-confirmed)"
"11027","Puerto de Santa María, El","Cádiz","Andalucía",89983,81,"SEED","T3-DOCUMENT-REGISTRY(no-geometry-wfs-confirmed)"
"28115","Pozuelo de Alarcón","Madrid","Comunidad de Madrid",89770,82,"SEED","T1-VERIFIED-CLASSIFICATION-ONLY(city)"
"38006","Arona","Santa Cruz de Tenerife","Canarias",87793,83,"SEED","T3-UNVERIFIED"
"45168","Toledo","Toledo","Castilla-La Mancha",87216,84,"SEED","T3-UNVERIFIED"
"52001","Melilla","Melilla","Ciudad Autónoma de Melilla",86780,85,"SEED","T3-UNVERIFIED"
"29094","Vélez-Málaga","Málaga","Andalucía",86048,86,"SEED","T3-DOCUMENT-REGISTRY(no-geometry-wfs-confirmed)"
"28161","Valdemoro","Madrid","Comunidad de Madrid",85972,87,"SEED","T1-VERIFIED-CLASSIFICATION-ONLY(city)"
"08200","Sant Boi de Llobregat","Barcelona","Cataluña",85610,88,"SEED","T1-VERIFIED-CLASSIFICATION-ONLY"
"29054","Fuengirola","Málaga","Andalucía",85211,89,"SEED","T3-DOCUMENT-REGISTRY(no-geometry-wfs-confirmed)"
"03099","Orihuela","Alicante/Alacant","Comunitat Valenciana",84560,90,"SEED","T1-VERIFIED-CLASSIFICATION-ONLY(+sector-edif)"
"45165","Talavera de la Reina","Toledo","Castilla-La Mancha",83803,91,"SEED","T3-UNVERIFIED"
"51001","Ceuta","Ceuta","Ciudad Autónoma de Ceuta",83595,92,"SEED","T3-UNVERIFIED"
"36038","Pontevedra","Pontevedra","Galicia",83316,93,"SEED","T2-PORTAL-CLASSIFICATION(legal-override-caveat)"
"46131","Gandia","Valencia/València","Comunitat Valenciana",83135,94,"SEED","T1-VERIFIED-CLASSIFICATION-ONLY(+sector-edif)"
"08184","Rubí","Barcelona","Cataluña",82823,95,"SEED","T1-VERIFIED-CLASSIFICATION-ONLY"
"08113","Manresa","Barcelona","Cataluña",80974,96,"SEED","T1-VERIFIED-CLASSIFICATION-ONLY"
"28049","Coslada","Madrid","Comunidad de Madrid",80512,97,"SEED","T1-VERIFIED-CLASSIFICATION-ONLY(city)"
"29051","Estepona","Málaga","Andalucía",79621,98,"SEED","T3-DOCUMENT-REGISTRY(no-geometry-wfs-confirmed)"
"35022","Santa Lucía de Tirajana","Palmas, Las","Canarias",78584,99,"SEED","T3-UNVERIFIED"
"30027","Molina de Segura","Murcia","Región de Murcia",78458,100,"SEED","T3-UNVERIFIED"
"29025","Benalmádena","Málaga","Andalucía",78338,101,"SEED","T3-DOCUMENT-REGISTRY(no-geometry-wfs-confirmed)"
"41004","Alcalá de Guadaíra","Sevilla","Andalucía",77474,102,"SEED","T3-DOCUMENT-REGISTRY(no-geometry-wfs-confirmed)"
"34120","Palencia","Palencia","Castilla y León",77466,103,"SEED","T2-PDF-CEDULA-ONLY(sourced)"
"03031","Benidorm","Alicante/Alacant","Comunitat Valenciana",77327,104,"SEED","T1-VERIFIED-CLASSIFICATION-ONLY(+sector-edif)"
"13034","Ciudad Real","Ciudad Real","Castilla-La Mancha",76217,105,"SEED","T3-UNVERIFIED"
"46190","Paterna","Valencia/València","Comunitat Valenciana",76019,106,"SEED","T1-VERIFIED-CLASSIFICATION-ONLY(+sector-edif)"
"48044","Getxo","Bizkaia","País Vasco",75752,107,"SEED","T3-FORAL-CADASTRE-BLOCKER"
"33004","Avilés","Asturias","Principado de Asturias",75517,108,"SEED","T3-UNVERIFIED"
"28080","Majadahonda","Madrid","Comunidad de Madrid",73625,109,"SEED","T1-VERIFIED-CLASSIFICATION-ONLY(city)"
"46220","Sagunt/Sagunto","Valencia/València","Comunitat Valenciana",73031,110,"SEED","T1-VERIFIED-CLASSIFICATION-ONLY(+sector-edif)"
"08307","Vilanova i la Geltrú","Barcelona","Cataluña",71641,111,"SEED","T1-VERIFIED-CLASSIFICATION-ONLY"
"29901","Torremolinos","Málaga","Andalucía",71329,112,"SEED","T3-DOCUMENT-REGISTRY(no-geometry-wfs-confirmed)"
"35004","Arrecife","Palmas, Las","Canarias",70811,113,"SEED","T3-UNVERIFIED"
"08056","Castelldefels","Barcelona","Cataluña",70057,114,"SEED","T1-VERIFIED-CLASSIFICATION-ONLY"
"11032","Sanlúcar de Barrameda","Cádiz","Andalucía",70012,115,"SEED","T3-DOCUMENT-REGISTRY(no-geometry-wfs-confirmed)"
"08301","Viladecans","Barcelona","Cataluña",67587,116,"SEED","T1-VERIFIED-CLASSIFICATION-ONLY"
"28047","Collado Villalba","Madrid","Comunidad de Madrid",67274,117,"SEED","T1-VERIFIED-CLASSIFICATION-ONLY(city)"
"28022","Boadilla del Monte","Madrid","Comunidad de Madrid",66349,118,"SEED","T1-VERIFIED-CLASSIFICATION-ONLY(city)"
"08169","Prat de Llobregat, El","Barcelona","Cataluña",66338,119,"SEED","T1-VERIFIED-CLASSIFICATION-ONLY"
"08096","Granollers","Barcelona","Cataluña",65341,120,"SEED","T1-VERIFIED-CLASSIFICATION-ONLY"
"11022","Línea de la Concepción, La","Cádiz","Andalucía",64499,121,"SEED","T3-DOCUMENT-REGISTRY(no-geometry-wfs-confirmed)"
"15036","Ferrol","Coruña, A","Galicia",64367,122,"SEED","T2-PORTAL-CLASSIFICATION(legal-override-caveat)"
"20045","Irun","Gipuzkoa","País Vasco",63835,123,"SEED","T3-FORAL-CADASTRE-BLOCKER"
"24115","Ponferrada","León","Castilla y León",63186,124,"SEED","T2-PDF-CEDULA-ONLY(sourced)"
"28013","Aranjuez","Madrid","Comunidad de Madrid",63040,125,"SEED","T1-VERIFIED-CLASSIFICATION-ONLY(city)"
"03009","Alcoi/Alcoy","Alicante/Alacant","Comunitat Valenciana",61468,126,"SEED","T1-VERIFIED-CLASSIFICATION-ONLY(+sector-edif)"
"28014","Arganda del Rey","Madrid","Comunidad de Madrid",60419,127,"SEED","T1-VERIFIED-CLASSIFICATION-ONLY(city)"
"03122","Sant Vicent del Raspeig/San Vicente del Raspeig","Alicante/Alacant","Comunitat Valenciana",60247,128,"SEED","T1-VERIFIED-CLASSIFICATION-ONLY(+sector-edif)"
"06083","Mérida","Badajoz","Extremadura",60225,129,"SEED","T3-UNVERIFIED"
"18140","Motril","Granada","Andalucía",59862,130,"SEED","T3-DOCUMENT-REGISTRY(no-geometry-wfs-confirmed)"
"49275","Zamora","Zamora","Castilla y León",59815,131,"SEED","T2-PDF-CEDULA-ONLY(sourced)"
"05019","Ávila","Ávila","Castilla y León",59107,132,"SEED","T2-PDF-CEDULA-ONLY(sourced)"
"38017","Granadilla de Abona","Santa Cruz de Tenerife","Canarias",58752,133,"SEED","T3-UNVERIFIED"
"28045","Colmenar Viejo","Madrid","Comunidad de Madrid",58730,134,"SEED","T1-VERIFIED-CLASSIFICATION-ONLY(city)"
"08266","Cerdanyola del Vallès","Barcelona","Cataluña",58528,135,"SEED","T1-VERIFIED-CLASSIFICATION-ONLY"
"28113","Pinto","Madrid","Comunidad de Madrid",56651,136,"SEED","T1-VERIFIED-CLASSIFICATION-ONLY(city)"
"23055","Linares","Jaén","Andalucía",55633,137,"SEED","T3-DOCUMENT-REGISTRY(no-geometry-wfs-confirmed)"
"22125","Huesca","Huesca","Aragón",55454,138,"SEED","T3-UNVERIFIED"
"07026","Eivissa","Balears, Illes","Illes Balears",55337,139,"SEED","T3-UNVERIFIED"
"03066","Elda","Alicante/Alacant","Comunitat Valenciana",55222,140,"SEED","T1-VERIFIED-CLASSIFICATION-ONLY(+sector-edif)"
"28903","Tres Cantos","Madrid","Comunidad de Madrid",54592,141,"SEED","T1-VERIFIED-CLASSIFICATION-ONLY(city)"
"35019","San Bartolomé de Tirajana","Palmas, Las","Canarias",54291,142,"SEED","T3-UNVERIFIED"
"07011","Calvià","Balears, Illes","Illes Balears",53793,143,"SEED","T3-UNVERIFIED"
"12135","Vila-real","Castellón/Castelló","Comunitat Valenciana",53623,144,"SEED","T1-VERIFIED-CLASSIFICATION-ONLY(+sector-edif)"
"16078","Cuenca","Cuenca","Castilla-La Mancha",53600,145,"SEED","T3-UNVERIFIED"
"33066","Siero","Asturias","Principado de Asturias",53049,146,"SEED","T3-UNVERIFIED"
"08124","Mollet del Vallès","Barcelona","Cataluña",52990,147,"SEED","T1-VERIFIED-CLASSIFICATION-ONLY"
"29082","Rincón de la Victoria","Málaga","Andalucía",52454,148,"SEED","T3-DOCUMENT-REGISTRY(no-geometry-wfs-confirmed)"
"41095","Utrera","Sevilla","Andalucía",52403,149,"SEED","T3-DOCUMENT-REGISTRY(no-geometry-wfs-confirmed)"
"40194","Segovia","Segovia","Castilla y León",52375,150,"SEED","T2-PDF-CEDULA-ONLY(sourced)"
"39087","Torrelavega","Cantabria","Cantabria",51796,151,"SEED","T3-UNVERIFIED"
"08298","Vic","Barcelona","Cataluña",50796,152,"SEED","T1-VERIFIED-CLASSIFICATION-ONLY"
"38001","Adeje","Santa Cruz de Tenerife","Canarias",50021,153,"SEED","T3-UNVERIFIED"
"17066","Figueres","Girona","Cataluña",49689,154,"SEED","T1-VERIFIED-CLASSIFICATION-ONLY"
"07033","Manacor","Balears, Illes","Illes Balears",49153,155,"SEED","T3-UNVERIFIED"
"08089","Gavà","Barcelona","Cataluña",48243,156,"SEED","T1-VERIFIED-CLASSIFICATION-ONLY"
"46017","Alzira","Valencia/València","Comunitat Valenciana",48236,157,"SEED","T1-VERIFIED-CLASSIFICATION-ONLY(+sector-edif)"
"08077","Esplugues de Llobregat","Barcelona","Cataluña",48221,158,"SEED","T1-VERIFIED-CLASSIFICATION-ONLY"
"41059","Mairena del Aljarafe","Sevilla","Andalucía",48017,159,"SEED","T3-DOCUMENT-REGISTRY(no-geometry-wfs-confirmed)"
"03063","Dénia","Alicante/Alacant","Comunitat Valenciana",47261,160,"SEED","T1-VERIFIED-CLASSIFICATION-ONLY(+sector-edif)"
"46169","Mislata","Valencia/València","Comunitat Valenciana",47079,161,"SEED","T1-VERIFIED-CLASSIFICATION-ONLY(+sector-edif)"
"08211","Sant Feliu de Llobregat","Barcelona","Cataluña",46781,162,"SEED","T1-VERIFIED-CLASSIFICATION-ONLY"
"48082","Santurtzi","Bizkaia","País Vasco",46442,163,"SEED","T3-FORAL-CADASTRE-BLOCKER"
"35017","Puerto del Rosario","Palmas, Las","Canarias",46150,164,"SEED","T3-UNVERIFIED"
"13071","Puertollano","Ciudad Real","Castilla-La Mancha",45565,165,"SEED","T3-UNVERIFIED"
"29007","Alhaurín de la Torre","Málaga","Andalucía",45066,166,"SEED","T3-DOCUMENT-REGISTRY(no-geometry-wfs-confirmed)"
"48078","Portugalete","Bizkaia","País Vasco",44843,167,"SEED","T3-FORAL-CADASTRE-BLOCKER"
"30005","Alcantarilla","Murcia","Región de Murcia",43876,168,"SEED","T3-UNVERIFIED"
"14038","Lucena","Córdoba","Andalucía",43408,169,"SEED","T3-DOCUMENT-REGISTRY(no-geometry-wfs-confirmed)"
"17095","Lloret de Mar","Girona","Cataluña",43000,170,"SEED","T1-VERIFIED-CLASSIFICATION-ONLY"
"17023","Blanes","Girona","Cataluña",42699,171,"SEED","T1-VERIFIED-CLASSIFICATION-ONLY"
"08305","Vilafranca del Penedès","Barcelona","Cataluña",42607,172,"SEED","T1-VERIFIED-CLASSIFICATION-ONLY"
"11028","Puerto Real","Cádiz","Andalucía",42527,173,"SEED","T3-DOCUMENT-REGISTRY(no-geometry-wfs-confirmed)"
"38026","Orotava, La","Santa Cruz de Tenerife","Canarias",42514,174,"SEED","T3-UNVERIFIED"
"07054","Santa Eulària des Riu","Balears, Illes","Illes Balears",42479,175,"SEED","T3-UNVERIFIED"
"08102","Igualada","Barcelona","Cataluña",42085,176,"SEED","T1-VERIFIED-CLASSIFICATION-ONLY"
"29015","Antequera","Málaga","Andalucía",41849,177,"SEED","T3-DOCUMENT-REGISTRY(no-geometry-wfs-confirmed)"
"30037","Torre-Pacheco","Murcia","Región de Murcia",41479,178,"SEED","T3-UNVERIFIED"
"46078","Burjassot","Valencia/València","Comunitat Valenciana",41299,179,"SEED","T1-VERIFIED-CLASSIFICATION-ONLY(+sector-edif)"
"43163","Vendrell, El","Tarragona","Cataluña",41133,180,"SEED","T1-VERIFIED-CLASSIFICATION-ONLY"
"42173","Soria","Soria","Castilla y León",41025,181,"SEED","T2-PDF-CEDULA-ONLY(sourced)"
"41081","Rinconada, La","Sevilla","Andalucía",40724,182,"SEED","T3-DOCUMENT-REGISTRY(no-geometry-wfs-confirmed)"
"07031","Llucmajor","Balears, Illes","Illes Balears",40502,183,"SEED","T3-UNVERIFIED"
"07036","Marratxí","Balears, Illes","Illes Balears",40422,184,"SEED","T3-UNVERIFIED"
"48015","Basauri","Bizkaia","País Vasco",40274,185,"SEED","T3-FORAL-CADASTRE-BLOCKER"
"10148","Plasencia","Cáceres","Extremadura",40132,186,"SEED","T3-UNVERIFIED"
"15054","Narón","Coruña, A","Galicia",39953,187,"SEED","T2-PORTAL-CLASSIFICATION(legal-override-caveat)"
"08180","Ripollet","Barcelona","Cataluña",39897,188,"SEED","T1-VERIFIED-CLASSIFICATION-ONLY"
"03121","Santa Pola","Alicante/Alacant","Comunitat Valenciana",39709,189,"SEED","T1-VERIFIED-CLASSIFICATION-ONLY(+sector-edif)"
"41039","Écija","Sevilla","Andalucía",39659,190,"SEED","T3-DOCUMENT-REGISTRY(no-geometry-wfs-confirmed)"
"17114","Olot","Girona","Cataluña",39519,191,"SEED","T1-VERIFIED-CLASSIFICATION-ONLY"
"20067","Errenteria","Gipuzkoa","País Vasco",39363,192,"SEED","T3-FORAL-CADASTRE-BLOCKER"
"08194","Sant Adrià de Besòs","Barcelona","Cataluña",39323,193,"SEED","T1-VERIFIED-CLASSIFICATION-ONLY"
"35006","Arucas","Palmas, Las","Canarias",39232,194,"SEED","T3-UNVERIFIED"
"28130","San Fernando de Henares","Madrid","Comunidad de Madrid",39059,195,"SEED","T1-VERIFIED-CLASSIFICATION-ONLY(city)"
"31232","Tudela","Navarra","Comunidad Foral de Navarra",38903,196,"SEED","T3-FORAL-CADASTRE-BLOCKER"
"15058","Oleiros","Coruña, A","Galicia",38793,197,"SEED","T2-PORTAL-CLASSIFICATION(legal-override-caveat)"
"41069","Palacios y Villafranca, Los","Sevilla","Andalucía",38761,198,"SEED","T3-DOCUMENT-REGISTRY(no-geometry-wfs-confirmed)"
"33031","Langreo","Asturias","Principado de Asturias",38612,199,"SEED","T3-UNVERIFIED"
"28015","Arroyomolinos","Madrid","Comunidad de Madrid",38075,200,"SEED","T1-VERIFIED-CLASSIFICATION-ONLY(city)"
"06044","Don Benito","Badajoz","Extremadura",37986,201,"SEED","T3-UNVERIFIED"
"12032","Borriana/Burriana","Castellón/Castelló","Comunitat Valenciana",37915,202,"SEED","T1-VERIFIED-CLASSIFICATION-ONLY(+sector-edif)"
"36060","Vilagarcía de Arousa","Pontevedra","Galicia",37888,203,"SEED","T2-PORTAL-CLASSIFICATION(legal-override-caveat)"
"38031","Realejos, Los","Santa Cruz de Tenerife","Canarias",37867,204,"SEED","T3-UNVERIFIED"
"30003","Águilas","Murcia","Región de Murcia",37811,205,"SEED","T3-UNVERIFIED"
"08125","Montcada i Reixac","Barcelona","Cataluña",37460,206,"SEED","T1-VERIFIED-CLASSIFICATION-ONLY"
"03139","Vila Joiosa, la/Villajoyosa","Alicante/Alacant","Comunitat Valenciana",37449,207,"SEED","T1-VERIFIED-CLASSIFICATION-ONLY(+sector-edif)"
"13082","Tomelloso","Ciudad Real","Castilla-La Mancha",37060,208,"SEED","T3-UNVERIFIED"
"43038","Cambrils","Tarragona","Cataluña",37042,209,"SEED","T1-VERIFIED-CLASSIFICATION-ONLY"
"46184","Ontinyent","Valencia/València","Comunitat Valenciana",37012,210,"SEED","T1-VERIFIED-CLASSIFICATION-ONLY(+sector-edif)"
"28061","Galapagar","Madrid","Comunidad de Madrid",36758,211,"SEED","T1-VERIFIED-CLASSIFICATION-ONLY(city)"
"44216","Teruel","Teruel","Aragón",36655,212,"SEED","T3-UNVERIFIED"
"09219","Miranda de Ebro","Burgos","Castilla y León",36622,213,"SEED","T2-PDF-CEDULA-ONLY(sourced)"
"30035","San Javier","Murcia","Región de Murcia",36524,214,"SEED","T3-UNVERIFIED"
"30043","Yecla","Murcia","Región de Murcia",36453,215,"SEED","T3-UNVERIFIED"
"33037","Mieres","Asturias","Principado de Asturias",36373,216,"SEED","T3-UNVERIFIED"
"07027","Inca","Balears, Illes","Illes Balears",36262,217,"SEED","T3-UNVERIFIED"
"43155","Tortosa","Tarragona","Cataluña",35997,218,"SEED","T1-VERIFIED-CLASSIFICATION-ONLY"
"08217","Sant Joan Despí","Barcelona","Cataluña",35926,219,"SEED","T1-VERIFIED-CLASSIFICATION-ONLY"
"19046","Azuqueca de Henares","Guadalajara","Castilla-La Mancha",35924,220,"SEED","T3-UNVERIFIED"
"23005","Andújar","Jaén","Andalucía",35610,221,"SEED","T3-DOCUMENT-REGISTRY(no-geometry-wfs-confirmed)"
"30019","Cieza","Murcia","Región de Murcia",35577,222,"SEED","T3-UNVERIFIED"
"30026","Mazarrón","Murcia","Región de Murcia",35449,223,"SEED","T3-UNVERIFIED"
"03140","Villena","Alicante/Alacant","Comunitat Valenciana",34712,224,"SEED","T1-VERIFIED-CLASSIFICATION-ONLY(+sector-edif)"
"46021","Aldaia","Valencia/València","Comunitat Valenciana",34630,225,"SEED","T1-VERIFIED-CLASSIFICATION-ONLY(+sector-edif)"
"06011","Almendralejo","Badajoz","Extremadura",34587,226,"SEED","T3-UNVERIFIED"
"17155","Salt","Girona","Cataluña",34491,227,"SEED","T1-VERIFIED-CLASSIFICATION-ONLY"
"15005","Arteixo","Coruña, A","Galicia",34403,228,"SEED","T2-PORTAL-CLASSIFICATION(legal-override-caveat)"
"11033","San Roque","Cádiz","Andalucía",34310,229,"SEED","T3-DOCUMENT-REGISTRY(no-geometry-wfs-confirmed)"
"03104","Petrer","Alicante/Alacant","Comunitat Valenciana",34022,230,"SEED","T1-VERIFIED-CLASSIFICATION-ONLY(+sector-edif)"
"08252","Barberà del Vallès","Barcelona","Cataluña",33987,231,"SEED","T1-VERIFIED-CLASSIFICATION-ONLY"
"09018","Aranda de Duero","Burgos","Castilla y León",33956,232,"SEED","T2-PDF-CEDULA-ONLY(sourced)"
"35002","Agüimes","Palmas, Las","Canarias",33800,233,"SEED","T3-UNVERIFIED"
"29084","Ronda","Málaga","Andalucía",33671,234,"SEED","T3-DOCUMENT-REGISTRY(no-geometry-wfs-confirmed)"
"23092","Úbeda","Jaén","Andalucía",33588,235,"SEED","T3-DOCUMENT-REGISTRY(no-geometry-wfs-confirmed)"
"39020","Castro-Urdiales","Cantabria","Cantabria",33450,236,"SEED","T3-UNVERIFIED"
"30039","Totana","Murcia","Región de Murcia",33358,237,"SEED","T3-UNVERIFIED"
"28096","Navalcarnero","Madrid","Comunidad de Madrid",33331,238,"SEED","T1-VERIFIED-CLASSIFICATION-ONLY(city)"
"04066","Níjar","Almería","Andalucía",33319,239,"SEED","T3-DOCUMENT-REGISTRY(no-geometry-wfs-confirmed)"
"45081","Illescas","Toledo","Castilla-La Mancha",33301,240,"SEED","T3-UNVERIFIED"
"15002","Ames","Coruña, A","Galicia",33276,241,"SEED","T2-PORTAL-CLASSIFICATION(legal-override-caveat)"
"35011","Ingenio","Palmas, Las","Canarias",32905,242,"SEED","T3-UNVERIFIED"
"48054","Leioa","Bizkaia","País Vasco",32748,243,"SEED","T3-FORAL-CADASTRE-BLOCKER"
"08231","Sant Pere de Ribes","Barcelona","Cataluña",32705,244,"SEED","T1-VERIFIED-CLASSIFICATION-ONLY"
"43037","Calafell","Tarragona","Cataluña",32624,245,"SEED","T1-VERIFIED-CLASSIFICATION-ONLY"
"08270","Sitges","Barcelona","Cataluña",32609,246,"SEED","T1-VERIFIED-CLASSIFICATION-ONLY"
"46159","Manises","Valencia/València","Comunitat Valenciana",32609,247,"SEED","T1-VERIFIED-CLASSIFICATION-ONLY(+sector-edif)"
"07015","Ciutadella de Menorca","Balears, Illes","Illes Balears",32431,248,"SEED","T3-UNVERIFIED"
"12126","Vall d'Uixó, la","Castellón/Castelló","Comunitat Valenciana",32242,249,"SEED","T1-VERIFIED-CLASSIFICATION-ONLY(+sector-edif)"
"15019","Carballo","Coruña, A","Galicia",32120,250,"SEED","T2-PORTAL-CLASSIFICATION(legal-override-caveat)"
"46110","Xirivella","Valencia/València","Comunitat Valenciana",32093,251,"SEED","T1-VERIFIED-CLASSIFICATION-ONLY(+sector-edif)"
"13005","Alcázar de San Juan","Ciudad Real","Castilla-La Mancha",31914,252,"SEED","T3-UNVERIFIED"
"43905","Salou","Tarragona","Cataluña",31491,253,"SEED","T1-VERIFIED-CLASSIFICATION-ONLY"
"03050","Campello, el","Alicante/Alacant","Comunitat Valenciana",31419,254,"SEED","T1-VERIFIED-CLASSIFICATION-ONLY(+sector-edif)"
"41034","Coria del Río","Sevilla","Andalucía",31278,255,"SEED","T3-DOCUMENT-REGISTRY(no-geometry-wfs-confirmed)"
"11006","Arcos de la Frontera","Cádiz","Andalucía",31267,256,"SEED","T3-DOCUMENT-REGISTRY(no-geometry-wfs-confirmed)"
"15031","Culleredo","Coruña, A","Galicia",31254,257,"SEED","T2-PORTAL-CLASSIFICATION(legal-override-caveat)"
"38028","Puerto de la Cruz","Santa Cruz de Tenerife","Canarias",31137,258,"SEED","T3-UNVERIFIED"
"46145","Xàtiva","Valencia/València","Comunitat Valenciana",31008,259,"SEED","T1-VERIFIED-CLASSIFICATION-ONLY(+sector-edif)"
"03059","Crevillent","Alicante/Alacant","Comunitat Valenciana",30921,260,"SEED","T1-VERIFIED-CLASSIFICATION-ONLY(+sector-edif)"
"45161","Seseña","Toledo","Castilla-La Mancha",30907,261,"SEED","T3-UNVERIFIED"
"02037","Hellín","Albacete","Castilla-La Mancha",30836,262,"SEED","T3-UNVERIFIED"
"13087","Valdepeñas","Ciudad Real","Castilla-La Mancha",30782,263,"SEED","T3-UNVERIFIED"
"07032","Maó","Balears, Illes","Illes Balears",30666,264,"SEED","T3-UNVERIFIED"
"03082","Xàbia/Jávea","Alicante/Alacant","Comunitat Valenciana",30642,265,"SEED","T1-VERIFIED-CLASSIFICATION-ONLY(+sector-edif)"
"46094","Catarroja","Valencia/València","Comunitat Valenciana",30604,266,"SEED","T1-VERIFIED-CLASSIFICATION-ONLY(+sector-edif)"
"39016","Camargo","Cantabria","Cantabria",30577,267,"SEED","T3-UNVERIFIED"
"12138","Vinaròs","Castellón/Castelló","Comunitat Valenciana",30529,268,"SEED","T1-VERIFIED-CLASSIFICATION-ONLY(+sector-edif)"
"12027","Benicarló","Castellón/Castelló","Comunitat Valenciana",30296,269,"SEED","T1-VERIFIED-CLASSIFICATION-ONLY(+sector-edif)"
"41024","Carmona","Sevilla","Andalucía",30240,270,"SEED","T3-DOCUMENT-REGISTRY(no-geometry-wfs-confirmed)"
"48027","Durango","Bizkaia","País Vasco",30192,271,"SEED","T3-FORAL-CADASTRE-BLOCKER"
"46005","Alaquàs","Valencia/València","Comunitat Valenciana",30166,272,"SEED","T1-VERIFIED-CLASSIFICATION-ONLY(+sector-edif)"
"28181","Villaviciosa de Odón","Madrid","Comunidad de Madrid",30127,273,"SEED","T1-VERIFIED-CLASSIFICATION-ONLY(city)"
"08163","Pineda de Mar","Barcelona","Cataluña",30108,274,"SEED","T1-VERIFIED-CLASSIFICATION-ONLY"
"35014","Oliva, La","Palmas, Las","Canarias",30022,275,"SEED","T3-UNVERIFIED"
"14056","Puente Genil","Córdoba","Andalucía",29963,276,"SEED","T3-DOCUMENT-REGISTRY(no-geometry-wfs-confirmed)"
"24142","San Andrés del Rabanedo","León","Castilla y León",29944,277,"SEED","T2-PDF-CEDULA-ONLY(sourced)"
"07048","Sant Josep de sa Talaia","Balears, Illes","Illes Balears",29761,278,"SEED","T3-UNVERIFIED"
"21044","Lepe","Huelva","Andalucía",29677,279,"SEED","T3-DOCUMENT-REGISTRY(no-geometry-wfs-confirmed)"
"30036","San Pedro del Pinatar","Murcia","Región de Murcia",29674,280,"SEED","T3-UNVERIFIED"
"08172","Premià de Mar","Barcelona","Cataluña",29431,281,"SEED","T1-VERIFIED-CLASSIFICATION-ONLY"
"04102","Vícar","Almería","Andalucía",29342,282,"SEED","T3-DOCUMENT-REGISTRY(no-geometry-wfs-confirmed)"
"29038","Cártama","Málaga","Andalucía",29333,283,"SEED","T3-DOCUMENT-REGISTRY(no-geometry-wfs-confirmed)"
"11030","Rota","Cádiz","Andalucía",29289,284,"SEED","T3-DOCUMENT-REGISTRY(no-geometry-wfs-confirmed)"
"46235","Sueca","Valencia/València","Comunitat Valenciana",29194,285,"SEED","T1-VERIFIED-CLASSIFICATION-ONLY(+sector-edif)"
"08114","Martorell","Barcelona","Cataluña",29175,286,"SEED","T1-VERIFIED-CLASSIFICATION-ONLY"
"12009","Almassora","Castellón/Castelló","Comunitat Valenciana",29159,287,"SEED","T1-VERIFIED-CLASSIFICATION-ONLY(+sector-edif)"
"07046","Sant Antoni de Portmany","Balears, Illes","Illes Balears",29132,288,"SEED","T3-UNVERIFIED"
"41021","Camas","Sevilla","Andalucía",29089,289,"SEED","T3-DOCUMENT-REGISTRY(no-geometry-wfs-confirmed)"
"38011","Candelaria","Santa Cruz de Tenerife","Canarias",29023,290,"SEED","T3-UNVERIFIED"
"36045","Redondela","Pontevedra","Galicia",28874,291,"SEED","T2-PORTAL-CLASSIFICATION(legal-override-caveat)"
"08263","Sant Vicenç dels Horts","Barcelona","Cataluña",28746,292,"SEED","T1-VERIFIED-CLASSIFICATION-ONLY"
"03090","Mutxamel","Alicante/Alacant","Comunitat Valenciana",28621,293,"SEED","T1-VERIFIED-CLASSIFICATION-ONLY(+sector-edif)"
"46070","Bétera","Valencia/València","Comunitat Valenciana",28560,294,"SEED","T1-VERIFIED-CLASSIFICATION-ONLY(+sector-edif)"
"48084","Sestao","Bizkaia","País Vasco",28512,295,"SEED","T3-FORAL-CADASTRE-BLOCKER"
"46029","Algemesí","Valencia/València","Comunitat Valenciana",28306,296,"SEED","T1-VERIFIED-CLASSIFICATION-ONLY(+sector-edif)"
"46186","Paiporta","Valencia/València","Comunitat Valenciana",28136,297,"SEED","T1-VERIFIED-CLASSIFICATION-ONLY(+sector-edif)"
"41053","Lebrija","Sevilla","Andalucía",27788,298,"SEED","T3-DOCUMENT-REGISTRY(no-geometry-wfs-confirmed)"
"28104","Paracuellos de Jarama","Madrid","Comunidad de Madrid",27650,299,"SEED","T1-VERIFIED-CLASSIFICATION-ONLY(city)"
"03047","Calp","Alicante/Alacant","Comunitat Valenciana",27616,300,"SEED","T1-VERIFIED-CLASSIFICATION-ONLY(+sector-edif)"
"30022","Jumilla","Murcia","Región de Murcia",27574,301,"SEED","T3-UNVERIFIED"
"29008","Alhaurín el Grande","Málaga","Andalucía",27552,302,"SEED","T3-DOCUMENT-REGISTRY(no-geometry-wfs-confirmed)"
"18017","Almuñécar","Granada","Andalucía",27544,303,"SEED","T3-DOCUMENT-REGISTRY(no-geometry-wfs-confirmed)"
"20030","Eibar","Gipuzkoa","País Vasco",27484,304,"SEED","T3-FORAL-CADASTRE-BLOCKER"
"46202","Pobla de Vallbona, la","Valencia/València","Comunitat Valenciana",27471,305,"SEED","T1-VERIFIED-CLASSIFICATION-ONLY(+sector-edif)"
"08123","Molins de Rei","Barcelona","Cataluña",27300,306,"SEED","T1-VERIFIED-CLASSIFICATION-ONLY"
"41065","Morón de la Frontera","Sevilla","Andalucía",27210,307,"SEED","T3-DOCUMENT-REGISTRY(no-geometry-wfs-confirmed)"
"15073","Ribeira","Coruña, A","Galicia",27102,308,"SEED","T2-PORTAL-CLASSIFICATION(legal-override-caveat)"
"08196","Sant Andreu de la Barca","Barcelona","Cataluña",27094,309,"SEED","T1-VERIFIED-CLASSIFICATION-ONLY"
"46102","Quart de Poblet","Valencia/València","Comunitat Valenciana",26967,310,"SEED","T1-VERIFIED-CLASSIFICATION-ONLY(+sector-edif)"
"39052","Piélagos","Cantabria","Cantabria",26901,311,"SEED","T3-UNVERIFIED"
"03119","Sant Joan d'Alacant","Alicante/Alacant","Comunitat Valenciana",26834,312,"SEED","T1-VERIFIED-CLASSIFICATION-ONLY(+sector-edif)"
"46181","Oliva","Valencia/València","Comunitat Valenciana",26813,313,"SEED","T1-VERIFIED-CLASSIFICATION-ONLY(+sector-edif)"
"36008","Cangas","Pontevedra","Galicia",26711,314,"SEED","T2-PORTAL-CLASSIFICATION(legal-override-caveat)"
"03093","Novelda","Alicante/Alacant","Comunitat Valenciana",26606,315,"SEED","T1-VERIFIED-CLASSIFICATION-ONLY(+sector-edif)"
"29042","Coín","Málaga","Andalucía",26574,316,"SEED","T3-DOCUMENT-REGISTRY(no-geometry-wfs-confirmed)"
"28040","Ciempozuelos","Madrid","Comunidad de Madrid",26350,317,"SEED","T1-VERIFIED-CLASSIFICATION-ONLY(city)"
"46013","Alboraia/Alboraya","Valencia/València","Comunitat Valenciana",26273,318,"SEED","T1-VERIFIED-CLASSIFICATION-ONLY(+sector-edif)"
"12084","Onda","Castellón/Castelló","Comunitat Valenciana",26190,319,"PRIORITY_407","T1-VERIFIED-CLASSIFICATION-ONLY(+sector-edif)"
"08260","Santa Perpètua de Mogoda","Barcelona","Cataluña",26130,320,"PRIORITY_407","T1-VERIFIED-CLASSIFICATION-ONLY"
"30015","Caravaca de la Cruz","Murcia","Región de Murcia",26126,321,"PRIORITY_407","T3-UNVERIFIED"
"06153","Villanueva de la Serena","Badajoz","Extremadura",25773,322,"PRIORITY_407","T3-UNVERIFIED"
"43161","Valls","Tarragona","Cataluña",25518,323,"PRIORITY_407","T1-VERIFIED-CLASSIFICATION-ONLY"
"04003","Adra","Almería","Andalucía",25501,324,"PRIORITY_407","T3-DOCUMENT-REGISTRY(no-geometry-wfs-confirmed)"
"28152","Torrelodones","Madrid","Comunidad de Madrid",25433,325,"PRIORITY_407","T1-VERIFIED-CLASSIFICATION-ONLY(city)"
"41093","Tomares","Sevilla","Andalucía",25432,326,"PRIORITY_407","T3-DOCUMENT-REGISTRY(no-geometry-wfs-confirmed)"
"08051","Castellar del Vallès","Barcelona","Cataluña",25422,327,"PRIORITY_407","T1-VERIFIED-CLASSIFICATION-ONLY"
"02081","Villarrobledo","Albacete","Castilla-La Mancha",25400,328,"PRIORITY_407","T3-UNVERIFIED"
"26036","Calahorra","Rioja, La","La Rioja",25367,329,"PRIORITY_407","T3-UNVERIFIED"
"46147","Llíria","Valencia/València","Comunitat Valenciana",25333,330,"PRIORITY_407","T1-VERIFIED-CLASSIFICATION-ONLY(+sector-edif)"
"18021","Armilla","Granada","Andalucía",25300,331,"PRIORITY_407","T3-DOCUMENT-REGISTRY(no-geometry-wfs-confirmed)"
"35009","Gáldar","Palmas, Las","Canarias",25108,332,"PRIORITY_407","T3-UNVERIFIED"
"28084","Mejorada del Campo","Madrid","Comunidad de Madrid",25049,333,"PRIORITY_407","T1-VERIFIED-CLASSIFICATION-ONLY(city)"
"08147","Olesa de Montserrat","Barcelona","Cataluña",24966,334,"PRIORITY_407","T1-VERIFIED-CLASSIFICATION-ONLY"
"21005","Almonte","Huelva","Andalucía",24864,335,"PRIORITY_407","T3-DOCUMENT-REGISTRY(no-geometry-wfs-confirmed)"
"48036","Galdakao","Bizkaia","País Vasco",24776,336,"PRIORITY_407","T3-FORAL-CADASTRE-BLOCKER"
"15017","Cambre","Coruña, A","Galicia",24765,337,"PRIORITY_407","T2-PORTAL-CLASSIFICATION(legal-override-caveat)"
"08118","Masnou, El","Barcelona","Cataluña",24761,338,"PRIORITY_407","T1-VERIFIED-CLASSIFICATION-ONLY"
"46105","Cullera","Valencia/València","Comunitat Valenciana",24702,339,"PRIORITY_407","T1-VERIFIED-CLASSIFICATION-ONLY(+sector-edif)"
"48902","Erandio","Bizkaia","País Vasco",24659,340,"PRIORITY_407","T3-FORAL-CADASTRE-BLOCKER"
"38043","Tacoronte","Santa Cruz de Tenerife","Canarias",24619,341,"PRIORITY_407","T3-UNVERIFIED"
"38022","Icod de los Vinos","Santa Cruz de Tenerife","Canarias",24616,342,"PRIORITY_407","T3-UNVERIFIED"
"46214","Riba-roja de Túria","Valencia/València","Comunitat Valenciana",24616,343,"PRIORITY_407","T1-VERIFIED-CLASSIFICATION-ONLY(+sector-edif)"
"02009","Almansa","Albacete","Castilla-La Mancha",24615,344,"PRIORITY_407","T3-UNVERIFIED"
"03018","Altea","Alicante/Alacant","Comunitat Valenciana",24592,345,"PRIORITY_407","T1-VERIFIED-CLASSIFICATION-ONLY(+sector-edif)"
"17117","Palafrugell","Girona","Cataluña",24543,346,"PRIORITY_407","T1-VERIFIED-CLASSIFICATION-ONLY"
"03079","Ibi","Alicante/Alacant","Comunitat Valenciana",24500,347,"PRIORITY_407","T1-VERIFIED-CLASSIFICATION-ONLY(+sector-edif)"
"23060","Martos","Jaén","Andalucía",24462,348,"PRIORITY_407","T3-DOCUMENT-REGISTRY(no-geometry-wfs-confirmed)"
"11008","Barrios, Los","Cádiz","Andalucía",24449,349,"PRIORITY_407","T3-DOCUMENT-REGISTRY(no-geometry-wfs-confirmed)"
"41058","Mairena del Alcor","Sevilla","Andalucía",24339,350,"PRIORITY_407","T3-DOCUMENT-REGISTRY(no-geometry-wfs-confirmed)"
"03902","Pilar de la Horadada","Alicante/Alacant","Comunitat Valenciana",24316,351,"PRIORITY_407","T1-VERIFIED-CLASSIFICATION-ONLY(+sector-edif)"
"30008","Alhama de Murcia","Murcia","Región de Murcia",24163,352,"PRIORITY_407","T3-UNVERIFIED"
"11014","Conil de la Frontera","Cádiz","Andalucía",24102,353,"PRIORITY_407","T3-DOCUMENT-REGISTRY(no-geometry-wfs-confirmed)"
"21050","Moguer","Huelva","Andalucía",24083,354,"PRIORITY_407","T3-DOCUMENT-REGISTRY(no-geometry-wfs-confirmed)"
"28176","Villanueva de la Cañada","Madrid","Comunidad de Madrid",24028,355,"PRIORITY_407","T1-VERIFIED-CLASSIFICATION-ONLY(city)"
"35024","Teguise","Palmas, Las","Canarias",24027,356,"PRIORITY_407","T3-UNVERIFIED"
"36026","Marín","Pontevedra","Galicia",23991,357,"PRIORITY_407","T2-PORTAL-CLASSIFICATION(legal-override-caveat)"
"38035","San Miguel de Abona","Santa Cruz de Tenerife","Canarias",23960,358,"PRIORITY_407","T3-UNVERIFIED"
"43171","Vila-seca","Tarragona","Cataluña",23917,359,"PRIORITY_407","T1-VERIFIED-CLASSIFICATION-ONLY"
"18905","Gabias, Las","Granada","Andalucía",23584,360,"PRIORITY_407","T3-DOCUMENT-REGISTRY(no-geometry-wfs-confirmed)"
"20079","Zarautz","Gipuzkoa","País Vasco",23496,361,"PRIORITY_407","T3-FORAL-CADASTRE-BLOCKER"
"41086","San Juan de Aznalfarache","Sevilla","Andalucía",23408,362,"PRIORITY_407","T3-DOCUMENT-REGISTRY(no-geometry-wfs-confirmed)"
"36042","Ponteareas","Pontevedra","Galicia",23211,363,"PRIORITY_407","T2-PORTAL-CLASSIFICATION(legal-override-caveat)"
"46194","Picassent","Valencia/València","Comunitat Valenciana",23202,364,"PRIORITY_407","T1-VERIFIED-CLASSIFICATION-ONLY(+sector-edif)"
"17160","Sant Feliu de Guíxols","Girona","Cataluña",23141,365,"PRIORITY_407","T1-VERIFIED-CLASSIFICATION-ONLY"
"43014","Amposta","Tarragona","Cataluña",23080,366,"PRIORITY_407","T1-VERIFIED-CLASSIFICATION-ONLY"
"41017","Bormujos","Sevilla","Andalucía",23071,367,"PRIORITY_407","T3-DOCUMENT-REGISTRY(no-geometry-wfs-confirmed)"
"03015","Almoradí","Alicante/Alacant","Comunitat Valenciana",22965,368,"PRIORITY_407","T1-VERIFIED-CLASSIFICATION-ONLY(+sector-edif)"
"47076","Laguna de Duero","Valladolid","Castilla y León",22965,369,"PRIORITY_407","T2-PDF-CEDULA-ONLY(sourced)"
"31086","Valle de Egüés/Eguesibar","Navarra","Comunidad Foral de Navarra",22825,370,"PRIORITY_407","T3-FORAL-CADASTRE-BLOCKER"
"47010","Arroyo de la Encomienda","Valladolid","Castilla y León",22800,371,"PRIORITY_407","T2-PDF-CEDULA-ONLY(sourced)"
"21002","Aljaraque","Huelva","Andalucía",22737,372,"PRIORITY_407","T3-DOCUMENT-REGISTRY(no-geometry-wfs-confirmed)"
"30038","Torres de Cotillas, Las","Murcia","Región de Murcia",22676,373,"PRIORITY_407","T3-UNVERIFIED"
"08076","Esparreguera","Barcelona","Cataluña",22665,374,"PRIORITY_407","T1-VERIFIED-CLASSIFICATION-ONLY"
"38019","Guía de Isora","Santa Cruz de Tenerife","Canarias",22654,375,"PRIORITY_407","T3-UNVERIFIED"
"11007","Barbate","Cádiz","Andalucía",22635,376,"PRIORITY_407","T3-DOCUMENT-REGISTRY(no-geometry-wfs-confirmed)"
"20055","Arrasate/Mondragón","Gipuzkoa","País Vasco",22450,377,"PRIORITY_407","T3-FORAL-CADASTRE-BLOCKER"
"03019","Aspe","Alicante/Alacant","Comunitat Valenciana",22397,378,"PRIORITY_407","T1-VERIFIED-CLASSIFICATION-ONLY(+sector-edif)"
"14042","Montilla","Córdoba","Andalucía",22305,379,"PRIORITY_407","T3-DOCUMENT-REGISTRY(no-geometry-wfs-confirmed)"
"18127","Maracena","Granada","Andalucía",22294,380,"PRIORITY_407","T3-DOCUMENT-REGISTRY(no-geometry-wfs-confirmed)"
"46022","Alfafar","Valencia/València","Comunitat Valenciana",22270,381,"PRIORITY_407","T1-VERIFIED-CLASSIFICATION-ONLY(+sector-edif)"
"46171","Montcada/Moncada","Valencia/València","Comunitat Valenciana",22213,382,"PRIORITY_407","T1-VERIFIED-CLASSIFICATION-ONLY(+sector-edif)"
"29075","Nerja","Málaga","Andalucía",22132,383,"PRIORITY_407","T3-DOCUMENT-REGISTRY(no-geometry-wfs-confirmed)"
"29091","Torrox","Málaga","Andalucía",22015,384,"PRIORITY_407","T3-DOCUMENT-REGISTRY(no-geometry-wfs-confirmed)"
"38020","Güímar","Santa Cruz de Tenerife","Canarias",22009,385,"PRIORITY_407","T3-UNVERIFIED"
"21010","Ayamonte","Huelva","Andalucía",22001,386,"PRIORITY_407","T3-DOCUMENT-REGISTRY(no-geometry-wfs-confirmed)"
"33016","Castrillón","Asturias","Principado de Asturias",21998,387,"PRIORITY_407","T3-UNVERIFIED"
"46083","Carcaixent","Valencia/València","Comunitat Valenciana",21934,388,"PRIORITY_407","T1-VERIFIED-CLASSIFICATION-ONLY(+sector-edif)"
"07003","Alcúdia","Balears, Illes","Illes Balears",21907,389,"PRIORITY_407","T3-UNVERIFIED"
"14055","Priego de Córdoba","Córdoba","Andalucía",21764,390,"PRIORITY_407","T3-DOCUMENT-REGISTRY(no-geometry-wfs-confirmed)"
"46205","Puçol","Valencia/València","Comunitat Valenciana",21659,391,"PRIORITY_407","T1-VERIFIED-CLASSIFICATION-ONLY(+sector-edif)"
"35028","Tías","Palmas, Las","Canarias",21613,392,"PRIORITY_407","T3-UNVERIFIED"
"35015","Pájara","Palmas, Las","Canarias",21570,393,"PRIORITY_407","T3-UNVERIFIED"
"21042","Isla Cristina","Huelva","Andalucía",21525,394,"PRIORITY_407","T3-DOCUMENT-REGISTRY(no-geometry-wfs-confirmed)"
"23002","Alcalá la Real","Jaén","Andalucía",21496,395,"PRIORITY_407","T3-DOCUMENT-REGISTRY(no-geometry-wfs-confirmed)"
"21021","Cartaya","Huelva","Andalucía",21471,396,"PRIORITY_407","T3-DOCUMENT-REGISTRY(no-geometry-wfs-confirmed)"
"08112","Manlleu","Barcelona","Cataluña",21425,397,"PRIORITY_407","T1-VERIFIED-CLASSIFICATION-ONLY"
"30041","Unión, La","Murcia","Región de Murcia",21380,398,"PRIORITY_407","T3-UNVERIFIED"
"31060","Burlada/Burlata","Navarra","Comunidad Foral de Navarra",21280,399,"PRIORITY_407","T3-FORAL-CADASTRE-BLOCKER"
"08219","Vilassar de Mar","Barcelona","Cataluña",21227,400,"PRIORITY_407","T1-VERIFIED-CLASSIFICATION-ONLY"
"35012","Mogán","Palmas, Las","Canarias",21172,401,"PRIORITY_407","T3-UNVERIFIED"
"28009","Algete","Madrid","Comunidad de Madrid",21144,402,"PRIORITY_407","T1-VERIFIED-CLASSIFICATION-ONLY(city)"
"03011","Alfàs del Pi, l'","Alicante/Alacant","Comunitat Valenciana",21080,403,"PRIORITY_407","T1-VERIFIED-CLASSIFICATION-ONLY(+sector-edif)"
"08221","Sant Just Desvern","Barcelona","Cataluña",21037,404,"PRIORITY_407","T1-VERIFIED-CLASSIFICATION-ONLY"
"28132","San Martín de la Vega","Madrid","Comunidad de Madrid",21010,405,"PRIORITY_407","T1-VERIFIED-CLASSIFICATION-ONLY(city)"
"46213","Requena","Valencia/València","Comunitat Valenciana",20982,406,"PRIORITY_407","T1-VERIFIED-CLASSIFICATION-ONLY(+sector-edif)"
"36039","Porriño, O","Pontevedra","Galicia",20965,407,"PRIORITY_407","T2-PORTAL-CLASSIFICATION(legal-override-caveat)"
