"File","Line","Rule","Msg"
"apps/api-gateway/src/app.ts","15","no-restricted-imports","'express' import is restricted from being used. Express belongs in apps/sync-server/ or apps/bake-worker/ only"
"apps/api-gateway/src/auth-shim.ts","17","no-restricted-imports","'express' import is restricted from being used. Express belongs in apps/sync-server/ or apps/bake-worker/ only"
"apps/api-gateway/src/routes/admin.ts","16","no-restricted-imports","'express' import is restricted from being used. Express belongs in apps/sync-server/ or apps/bake-worker/ only"
"apps/api-gateway/src/routes/admin.ts","17","no-restricted-imports","'express' import is restricted from being used. Express belongs in apps/sync-server/ or apps/bake-worker/ only"
"apps/api-gateway/src/routes/ai.ts","22","no-restricted-imports","'express' import is restricted from being used. Express belongs in apps/sync-server/ or apps/bake-worker/ only"
"apps/api-gateway/src/routes/ai.ts","23","no-restricted-imports","'express' import is restricted from being used. Express belongs in apps/sync-server/ or apps/bake-worker/ only"
"apps/api-gateway/src/routes/formulas.ts","17","no-restricted-imports","'express' import is restricted from being used. Express belongs in apps/sync-server/ or apps/bake-worker/ only"
"apps/api-gateway/src/routes/formulas.ts","18","no-restricted-imports","'express' import is restricted from being used. Express belongs in apps/sync-server/ or apps/bake-worker/ only"
"apps/api-gateway/src/routes/health.ts","9","no-restricted-imports","'express' import is restricted from being used. Express belongs in apps/sync-server/ or apps/bake-worker/ only"
"apps/api-gateway/src/routes/health.ts","10","no-restricted-imports","'express' import is restricted from being used. Express belongs in apps/sync-server/ or apps/bake-worker/ only"
"apps/api-gateway/src/routes/projects.ts","22","no-restricted-imports","'express' import is restricted from being used. Express belongs in apps/sync-server/ or apps/bake-worker/ only"
"apps/api-gateway/src/routes/projects.ts","23","no-restricted-imports","'express' import is restricted from being used. Express belongs in apps/sync-server/ or apps/bake-worker/ only"
"apps/api-gateway/src/routes/webhooks.ts","20","no-restricted-imports","'express' import is restricted from being used. Express belongs in apps/sync-server/ or apps/bake-worker/ only"
"apps/api-gateway/src/routes/webhooks.ts","21","no-restricted-imports","'express' import is restricted from being used. Express belongs in apps/sync-server/ or apps/bake-worker/ only"
"apps/bake-worker/src/index.ts","13","no-restricted-imports","'express' import is restricted from being used. Express belongs in apps/sync-server/ or apps/bake-worker/ only"
"apps/bench/__tests__/dashboard/coverage.test.ts","148","no-empty","Empty block statement"
"apps/editor/src/engine/EngineContext.ts","17","no-restricted-imports","'@thatopen/components' import is restricted from being used. OBC is L7 plugin territory — it may not appear in any PRYZM 2 package outside plugins/ifc-import/"
"apps/editor/src/engine/EngineContext.ts","18","no-restricted-imports","'@thatopen/components-front' import is restricted from being used. OBC-front is L7 plugin territory — it may not appear in any PRYZM 2 package outside plugins/ifc-import/"
"apps/editor/src/engine/ViewController.ts","2","no-restricted-imports","'@thatopen/components' import is restricted from being used. OBC is L7 plugin territory — it may not appear in any PRYZM 2 package outside plugins/ifc-import/"
"apps/editor/src/engine/ViewController.ts","421","no-empty","Empty block statement"
"apps/editor/src/engine/ViewController.ts","1405","no-unreachable","Unreachable code"
"apps/editor/src/engine/ViewController.ts","1494","no-unreachable","Unreachable code"
"apps/editor/src/engine/ViewController.ts","1561","no-unreachable","Unreachable code"
"apps/editor/src/engine/engineLauncher.ts","9","no-restricted-imports","'@thatopen/components' import is restricted from being used. OBC is L7 plugin territory — it may not appear in any PRYZM 2 package outside plugins/ifc-import/"
"apps/editor/src/engine/engineLauncher.ts","10","no-restricted-imports","'@thatopen/components-front' import is restricted from being used. OBC-front is L7 plugin territory — it may not appear in any PRYZM 2 package outside plugins/ifc-import/"
"apps/editor/src/engine/initPersistence.ts","35","no-restricted-imports","'@thatopen/components' import is restricted from being used. OBC is L7 plugin territory — it may not appear in any PRYZM 2 package outside plugins/ifc-import/"
"apps/editor/src/engine/initScene.ts","44","no-restricted-imports","'@thatopen/components' import is restricted from being used. OBC is L7 plugin territory — it may not appear in any PRYZM 2 package outside plugins/ifc-import/"
"apps/editor/src/engine/initScene.ts","45","no-restricted-imports","'@thatopen/components-front' import is restricted from being used. OBC-front is L7 plugin territory — it may not appear in any PRYZM 2 package outside plugins/ifc-import/"
"apps/editor/src/engine/initTools.ts","35","no-restricted-imports","'@thatopen/components' import is restricted from being used. OBC is L7 plugin territory — it may not appear in any PRYZM 2 package outside plugins/ifc-import/"
"apps/editor/src/engine/initTools.ts","84","no-restricted-imports","'@thatopen/components-front' import is restricted from being used. OBC-front is L7 plugin territory — it may not appear in any PRYZM 2 package outside plugins/ifc-import/"
"apps/editor/src/engine/initUI.ts","28","no-restricted-imports","'@thatopen/components' import is restricted from being used. OBC is L7 plugin territory — it may not appear in any PRYZM 2 package outside plugins/ifc-import/"
"apps/editor/src/engine/initUI.ts","29","no-restricted-imports","'@thatopen/components-front' import is restricted from being used. OBC-front is L7 plugin territory — it may not appear in any PRYZM 2 package outside plugins/ifc-import/"
"apps/editor/src/engine/initUI.ts","1445","no-empty","Empty block statement"
"apps/editor/src/engine/initViewSetup.ts","2","no-restricted-imports","'@thatopen/components' import is restricted from being used. OBC is L7 plugin territory — it may not appear in any PRYZM 2 package outside plugins/ifc-import/"
"apps/editor/src/engine/initViewpointsPanel.ts","1","no-restricted-imports","'@thatopen/components' import is restricted from being used. OBC is L7 plugin territory — it may not appear in any PRYZM 2 package outside plugins/ifc-import/"
"apps/editor/src/engine/persistence/ProjectLoader.ts","1683","no-empty","Empty block statement"
"apps/editor/src/engine/views/EdgeProjectorService.ts","16","no-restricted-imports","'@thatopen/components' import is restricted from being used. OBC is L7 plugin territory — it may not appear in any PRYZM 2 package outside plugins/ifc-import/"
"apps/editor/src/engine/views/PlanViewManager.ts","2","no-restricted-imports","'@thatopen/components' import is restricted from being used. OBC is L7 plugin territory — it may not appear in any PRYZM 2 package outside plugins/ifc-import/"
"apps/editor/src/engine/views/PlanViewManager.ts","1146","no-empty","Empty block statement"
"apps/editor/src/engine/views/SectionViewService.ts","2","no-restricted-imports","'@thatopen/components' import is restricted from being used. OBC is L7 plugin territory — it may not appear in any PRYZM 2 package outside plugins/ifc-import/"
"apps/editor/src/engine/views/SplitViewManager.ts","30","no-restricted-imports","'@thatopen/components' import is restricted from being used. OBC is L7 plugin territory — it may not appear in any PRYZM 2 package outside plugins/ifc-import/"
"apps/editor/src/engine/views/SplitViewManager.ts","1914","no-empty","Empty block statement"
"apps/editor/src/ui/Layout.ts","6","no-restricted-imports","'@thatopen/components' import is restricted from being used. OBC is L7 plugin territory — it may not appear in any PRYZM 2 package outside plugins/ifc-import/"
"apps/editor/src/ui/PropertyInspector.ts","2","no-restricted-imports","'@thatopen/components' import is restricted from being used. OBC is L7 plugin territory — it may not appear in any PRYZM 2 package outside plugins/ifc-import/"
"apps/editor/src/ui/ViewPropertiesPanel.ts","2","no-restricted-imports","'@thatopen/components' import is restricted from being used. OBC is L7 plugin territory — it may not appear in any PRYZM 2 package outside plugins/ifc-import/"
"apps/editor/src/ui/data/DataCommandCenter.ts","100","no-empty","Empty block statement"
"apps/editor/src/ui/data/DataCommandCenter.ts","101","no-empty","Empty block statement"
"apps/editor/src/ui/data/DataCommandCenter.ts","102","no-empty","Empty block statement"
"apps/editor/src/ui/data/DataCommandCenter.ts","103","no-empty","Empty block statement"
"apps/editor/src/ui/dataworkbench/AnalyticsPanel.ts","112","no-empty","Empty block statement"
"apps/editor/src/ui/furniture-carousel/FurnitureDragDropHandler.ts","38","no-restricted-imports","'@thatopen/components' import is restricted from being used. OBC is L7 plugin territory — it may not appear in any PRYZM 2 package outside plugins/ifc-import/"
"apps/editor/src/ui/kitchen/KitchenCabinetTool.ts","25","no-restricted-imports","'@thatopen/components' import is restricted from being used. OBC is L7 plugin territory — it may not appear in any PRYZM 2 package outside plugins/ifc-import/"
"apps/editor/src/ui/layout/AIAreaLayout.ts","1","no-restricted-imports","'@thatopen/components' import is restricted from being used. OBC is L7 plugin territory — it may not appear in any PRYZM 2 package outside plugins/ifc-import/"
"apps/editor/src/ui/layout/RenderAreaLayout.ts","1","no-restricted-imports","'@thatopen/components' import is restricted from being used. OBC is L7 plugin territory — it may not appear in any PRYZM 2 package outside plugins/ifc-import/"
"apps/editor/src/ui/property-panel/PropertyPanelAdapter.ts","18","no-restricted-imports","'@thatopen/components' import is restricted from being used. OBC is L7 plugin territory — it may not appear in any PRYZM 2 package outside plugins/ifc-import/"
"apps/editor/src/ui/wardrobe/WardrobeCabinetTool.ts","19","no-restricted-imports","'@thatopen/components' import is restricted from being used. OBC is L7 plugin territory — it may not appear in any PRYZM 2 package outside plugins/ifc-import/"
"apps/marketplace-api/src/app.ts","22","no-restricted-imports","'express' import is restricted from being used. Express belongs in apps/sync-server/ or apps/bake-worker/ only"
"apps/marketplace-web/src/pages/browse.ts","84","no-control-regex","Unexpected control character(s) in regular expression: \x00, \x1f"
"apps/sync-server/src/index.ts","22","no-restricted-imports","'express' import is restricted from being used. Express belongs in apps/sync-server/ or apps/bake-worker/ only"
"apps/sync-server/src/index.ts","176","no-empty","Empty block statement"
"apps/sync-server/src/locks/handlers.ts","32","no-restricted-imports","'express' import is restricted from being used. Express belongs in apps/sync-server/ or apps/bake-worker/ only"
"packages/command-registry/src/UndoManager.ts","8","pryzm/affected-stores-required","AddObjectCommand implements Command but is missing the readonly `affectedStores` field. Add `readonly affectedStores: readonly StoreId[] = [...]` so the bus knows which stores to notify"
"packages/command-registry/src/beam/CreateBeamCommand.ts","173","no-empty","Empty block statement"
"packages/command-registry/src/beam/CreateBeamCommand.ts","234","no-empty","Empty block statement"
"packages/command-registry/src/doors/UpdateDoorParameterCommand.ts","125","no-empty","Empty block statement"
"packages/command-registry/src/operations/CopyElementCommand.ts","103","no-empty","Empty block statement"
"packages/command-registry/src/operations/CopyElementCommand.ts","142","no-empty","Empty block statement"
"packages/command-registry/src/operations/CopyElementCommand.ts","163","no-empty","Empty block statement"
"packages/command-registry/src/operations/CopyElementCommand.ts","183","no-empty","Empty block statement"
"packages/command-registry/src/operations/MirrorElementCommand.ts","95","no-empty","Empty block statement"
"packages/command-registry/src/operations/OffsetElementCommand.ts","99","no-empty","Empty block statement"
"packages/command-registry/src/rooms/DetectAllRoomsCommand.ts","100","no-empty","Empty block statement"
"packages/command-registry/src/rooms/DetectAllRoomsCommand.ts","101","no-empty","Empty block statement"
"packages/command-registry/src/rooms/DetectAllRoomsCommand.ts","102","no-empty","Empty block statement"
"packages/command-registry/src/rooms/DetectAllRoomsCommand.ts","103","no-empty","Empty block statement"
"packages/command-registry/src/rooms/DetectAllRoomsCommand.ts","104","no-empty","Empty block statement"
"packages/command-registry/src/rooms/DetectAllRoomsCommand.ts","113","no-empty","Empty block statement"
"packages/command-registry/src/rooms/DetectAllRoomsCommand.ts","114","no-empty","Empty block statement"
"packages/command-registry/src/rooms/DetectAllRoomsCommand.ts","120","no-empty","Empty block statement"
"packages/command-registry/src/rooms/DetectAllRoomsCommand.ts","121","no-empty","Empty block statement"
"packages/command-registry/src/rooms/DetectAllRoomsCommand.ts","232","no-empty","Empty block statement"
"packages/command-registry/src/rooms/DetectAllRoomsCommand.ts","233","no-empty","Empty block statement"
"packages/command-registry/src/rooms/DetectAllRoomsCommand.ts","234","no-empty","Empty block statement"
"packages/command-registry/src/rooms/DetectAllRoomsCommand.ts","235","no-empty","Empty block statement"
"packages/command-registry/src/rooms/DetectAllRoomsCommand.ts","236","no-empty","Empty block statement"
"packages/command-registry/src/rooms/ReDetectRoomsCommand.ts","90","no-empty","Empty block statement"
"packages/command-registry/src/rooms/ReDetectRoomsCommand.ts","91","no-empty","Empty block statement"
"packages/command-registry/src/rooms/ReDetectRoomsCommand.ts","92","no-empty","Empty block statement"
"packages/command-registry/src/rooms/ReDetectRoomsCommand.ts","93","no-empty","Empty block statement"
"packages/command-registry/src/rooms/ReDetectRoomsCommand.ts","94","no-empty","Empty block statement"
"packages/command-registry/src/rooms/ReDetectRoomsCommand.ts","111","no-empty","Empty block statement"
"packages/command-registry/src/rooms/ReDetectRoomsCommand.ts","112","no-empty","Empty block statement"
"packages/command-registry/src/slabs/CreateOpeningCommand.ts","80","no-empty","Empty block statement"
"packages/command-registry/src/slabs/DeleteOpeningCommand.ts","62","no-empty","Empty block statement"
"packages/command-registry/src/slabs/DeleteSlabCommand.ts","110","no-empty","Empty block statement"
"packages/command-registry/src/slabs/DeleteSlabCommand.ts","132","no-empty","Empty block statement"
"packages/command-registry/src/stair/CreateStairCommand.ts","551","no-empty","Empty block statement"
"packages/command-registry/src/stair/CreateStairCommand.ts","552","no-empty","Empty block statement"
"packages/command-registry/src/stair/CreateStairCommand.ts","570","no-empty","Empty block statement"
"packages/command-registry/src/stair/CreateStairCommand.ts","571","no-empty","Empty block statement"
"packages/command-registry/src/stair/CreateStairRailingCommand.ts","84","no-empty","Empty block statement"
"packages/command-registry/src/stair/CreateStairRailingCommand.ts","133","no-empty","Empty block statement"
"packages/command-registry/src/stair/CreateStairRailingCommand.ts","134","no-empty","Empty block statement"
"packages/command-registry/src/walls/DeleteElementCommand.ts","165","no-empty","Empty block statement"
"packages/command-registry/src/walls/DeleteElementCommand.ts","343","no-empty","Empty block statement"
"packages/command-registry/src/walls/DeleteElementCommand.ts","344","no-empty","Empty block statement"
"packages/command-registry/src/walls/DeleteElementCommand.ts","345","no-empty","Empty block statement"
"packages/command-registry/src/walls/DeleteElementCommand.ts","377","no-empty","Empty block statement"
"packages/command-registry/src/walls/DeleteElementCommand.ts","378","no-empty","Empty block statement"
"packages/command-registry/src/walls/DeleteElementCommand.ts","379","no-empty","Empty block statement"
"packages/command-registry/src/walls/DeleteElementCommand.ts","381","no-empty","Empty block statement"
"packages/command-registry/src/walls/DeleteElementCommand.ts","385","no-empty","Empty block statement"
"packages/command-registry/src/walls/DeleteElementCommand.ts","386","no-empty","Empty block statement"
"packages/command-registry/src/walls/DeleteElementCommand.ts","387","no-empty","Empty block statement"
"packages/command-registry/src/walls/DeleteElementCommand.ts","389","no-empty","Empty block statement"
"packages/command-registry/src/walls/DeleteElementCommand.ts","406","no-empty","Empty block statement"
"packages/command-registry/src/walls/DeleteElementCommand.ts","407","no-empty","Empty block statement"
"packages/command-registry/src/walls/DeleteElementCommand.ts","408","no-empty","Empty block statement"
"packages/command-registry/src/walls/DeleteElementCommand.ts","422","no-empty","Empty block statement"
"packages/command-registry/src/walls/DeleteElementCommand.ts","423","no-empty","Empty block statement"
"packages/command-registry/src/walls/DeleteElementCommand.ts","424","no-empty","Empty block statement"
"packages/command-registry/src/walls/DeleteElementCommand.ts","425","no-empty","Empty block statement"
"packages/command-registry/src/walls/DeleteElementCommand.ts","439","no-empty","Empty block statement"
"packages/command-registry/src/walls/DeleteElementCommand.ts","440","no-empty","Empty block statement"
"packages/command-registry/src/walls/DeleteElementCommand.ts","441","no-empty","Empty block statement"
"packages/command-registry/src/walls/DeleteElementCommand.ts","459","no-empty","Empty block statement"
"packages/command-registry/src/walls/DeleteElementCommand.ts","460","no-empty","Empty block statement"
"packages/command-registry/src/walls/DeleteElementCommand.ts","462","no-empty","Empty block statement"
"packages/command-registry/src/walls/DeleteElementCommand.ts","463","no-empty","Empty block statement"
"packages/command-registry/src/walls/DeleteElementCommand.ts","464","no-empty","Empty block statement"
"packages/command-registry/src/walls/DeleteElementCommand.ts","479","no-empty","Empty block statement"
"packages/command-registry/src/walls/DeleteElementCommand.ts","480","no-empty","Empty block statement"
"packages/command-registry/src/walls/DeleteElementCommand.ts","481","no-empty","Empty block statement"
"packages/command-registry/src/walls/DeleteElementCommand.ts","495","no-empty","Empty block statement"
"packages/command-registry/src/walls/DeleteElementCommand.ts","496","no-empty","Empty block statement"
"packages/command-registry/src/walls/DeleteElementCommand.ts","497","no-empty","Empty block statement"
"packages/command-registry/src/walls/DeleteElementCommand.ts","549","no-empty","Empty block statement"
"packages/command-registry/src/walls/DeleteElementCommand.ts","552","no-empty","Empty block statement"
"packages/command-registry/src/walls/DeleteElementCommand.ts","576","no-empty","Empty block statement"
"packages/command-registry/src/walls/DeleteElementCommand.ts","594","no-empty","Empty block statement"
"packages/command-registry/src/walls/DeleteElementCommand.ts","635","no-empty","Empty block statement"
"packages/command-registry/src/walls/DeleteElementCommand.ts","650","no-empty","Empty block statement"
"packages/command-registry/src/walls/DeleteElementCommand.ts","656","no-empty","Empty block statement"
"packages/command-registry/src/walls/DeleteElementCommand.ts","668","no-empty","Empty block statement"
"packages/command-registry/src/walls/DeleteElementCommand.ts","678","no-empty","Empty block statement"
"packages/command-registry/src/walls/DeleteElementCommand.ts","680","no-empty","Empty block statement"
"packages/command-registry/src/walls/DeleteElementCommand.ts","682","no-empty","Empty block statement"
"packages/command-registry/src/walls/DeleteElementCommand.ts","690","no-empty","Empty block statement"
"packages/command-registry/src/walls/DeleteElementCommand.ts","692","no-empty","Empty block statement"
"packages/command-registry/src/walls/DeleteElementCommand.ts","694","no-empty","Empty block statement"
"packages/command-registry/src/walls/DeleteElementCommand.ts","720","no-empty","Empty block statement"
"packages/command-registry/src/walls/DeleteElementCommand.ts","721","no-empty","Empty block statement"
"packages/command-registry/src/walls/DeleteElementCommand.ts","737","no-empty","Empty block statement"
"packages/command-registry/src/walls/DeleteElementCommand.ts","747","no-empty","Empty block statement"
"packages/command-registry/src/walls/DeleteElementCommand.ts","748","no-empty","Empty block statement"
"packages/command-registry/src/walls/DeleteElementCommand.ts","752","no-empty","Empty block statement"
"packages/command-registry/src/walls/DeleteElementCommand.ts","762","no-empty","Empty block statement"
"packages/command-registry/src/walls/DeleteElementCommand.ts","763","no-empty","Empty block statement"
"packages/command-registry/src/walls/DeleteElementCommand.ts","774","no-empty","Empty block statement"
"packages/command-registry/src/walls/DeleteElementCommand.ts","775","no-empty","Empty block statement"
"packages/command-registry/src/walls/DeleteElementCommand.ts","785","no-empty","Empty block statement"
"packages/command-registry/src/walls/DeleteElementCommand.ts","786","no-empty","Empty block statement"
"packages/command-registry/src/walls/DeleteElementCommand.ts","796","no-empty","Empty block statement"
"packages/command-registry/src/walls/DeleteElementCommand.ts","797","no-empty","Empty block statement"
"packages/command-registry/src/walls/DeleteElementCommand.ts","808","no-empty","Empty block statement"
"packages/command-registry/src/walls/DeleteElementCommand.ts","809","no-empty","Empty block statement"
"packages/command-registry/src/walls/DeleteElementCommand.ts","819","no-empty","Empty block statement"
"packages/command-registry/src/walls/DeleteElementCommand.ts","820","no-empty","Empty block statement"
"packages/command-registry/src/walls/DeleteElementCommand.ts","852","no-empty","Empty block statement"
"packages/command-registry/src/walls/DeleteElementCommand.ts","862","no-empty","Empty block statement"
"packages/command-registry/src/walls/DeleteElementCommand.ts","863","no-empty","Empty block statement"
"packages/command-registry/src/windows/UpdateWindowParameterCommand.ts","161","no-empty","Empty block statement"
"packages/core-app-model/src/ArchitectureFragments.ts","2","no-restricted-imports","'@thatopen/components' import is restricted from being used. OBC is L7 plugin territory — it may not appear in any PRYZM 2 package outside plugins/ifc-import/"
"packages/core-app-model/src/BimWorld.ts","1","no-restricted-imports","'@thatopen/components' import is restricted from being used. OBC is L7 plugin territory — it may not appear in any PRYZM 2 package outside plugins/ifc-import/"
"packages/core-app-model/src/BimWorld.ts","2","no-restricted-imports","'@thatopen/components-front' import is restricted from being used. OBC-front is L7 plugin territory — it may not appear in any PRYZM 2 package outside plugins/ifc-import/"
"packages/core-app-model/src/drawing/DrawingPipelineOrchestrator.ts","14","no-restricted-imports","'@thatopen/components' import is restricted from being used. OBC is L7 plugin territory — it may not appear in any PRYZM 2 package outside plugins/ifc-import/"
"packages/core-app-model/src/drawing/HiddenLineRemoval.ts","96","no-restricted-imports","'@thatopen/components' import is restricted from being used. OBC is L7 plugin territory — it may not appear in any PRYZM 2 package outside plugins/ifc-import/"
"packages/core-app-model/src/navigation/CameraFramingUtils.ts","2","no-restricted-imports","'@thatopen/components' import is restricted from being used. OBC is L7 plugin territory — it may not appear in any PRYZM 2 package outside plugins/ifc-import/"
"packages/core-app-model/src/navigation/FirstPersonController.ts","35","no-restricted-imports","'@thatopen/components' import is restricted from being used. OBC is L7 plugin territory — it may not appear in any PRYZM 2 package outside plugins/ifc-import/"
"packages/core-app-model/src/navigation/MultiViewCameraManager.ts","39","no-restricted-imports","'@thatopen/components' import is restricted from being used. OBC is L7 plugin territory — it may not appear in any PRYZM 2 package outside plugins/ifc-import/"
"packages/core-app-model/src/navigation/ViewNavigationManager.ts","2","no-restricted-imports","'@thatopen/components' import is restricted from being used. OBC is L7 plugin territory — it may not appear in any PRYZM 2 package outside plugins/ifc-import/"
"packages/core-app-model/src/presentation/VGSceneApplicator.ts","38","no-restricted-imports","'@thatopen/components' import is restricted from being used. OBC is L7 plugin territory — it may not appear in any PRYZM 2 package outside plugins/ifc-import/"
"packages/core-app-model/src/rendering/PhotorealisticRenderer.ts","203","pryzm/no-three-outside-committer","`three/examples/jsm/postprocessing/Pass.js` is a direct three import forbidden outside packages/renderer-three/.  Use `@pryzm/renderer-three` (barrel) or `@pryzm/renderer-three/three`.  See ADR-005"
"packages/core-app-model/src/rendering/PhotorealisticRenderer.ts","296","no-empty","Empty block statement"
"packages/core-app-model/src/rendering/PhotorealisticRenderer.ts","297","no-empty","Empty block statement"
"packages/core-app-model/src/rendering/PhotorealisticRenderer.ts","343","pryzm/no-three-outside-committer","`three/examples/jsm/postprocessing/Pass.js` is a direct three import forbidden outside packages/renderer-three/.  Use `@pryzm/renderer-three` (barrel) or `@pryzm/renderer-three/three`.  See ADR-005"
"packages/core-app-model/src/rendering/ViewportPathTracer.ts","277","pryzm/no-three-outside-committer","`three/examples/jsm/postprocessing/Pass.js` is a direct three import forbidden outside packages/renderer-three/.  Use `@pryzm/renderer-three` (barrel) or `@pryzm/renderer-three/three`.  See ADR-005"
"packages/core-app-model/src/rendering/ViewportPathTracer.ts","433","no-empty","Empty block statement"
"packages/core-app-model/src/rendering/ViewportPathTracer.ts","434","no-empty","Empty block statement"
"packages/core-app-model/src/rendering/ViewportPathTracer.ts","435","no-empty","Empty block statement"
"packages/core-app-model/src/views/ActivePlanDrawingRef.ts","37","no-restricted-imports","'@thatopen/components' import is restricted from being used. OBC is L7 plugin territory — it may not appear in any PRYZM 2 package outside plugins/ifc-import/"
"packages/core-app-model/src/views/GroundFloorPlanController.ts","21","no-restricted-imports","'@thatopen/components' import is restricted from being used. OBC is L7 plugin territory — it may not appear in any PRYZM 2 package outside plugins/ifc-import/"
"packages/core-app-model/src/views/OrthoPlanCameraLockController.ts","2","no-restricted-imports","'@thatopen/components' import is restricted from being used. OBC is L7 plugin territory — it may not appear in any PRYZM 2 package outside plugins/ifc-import/"
"packages/core-app-model/src/views/PlanView2DSnapService.ts","28","no-restricted-imports","'@thatopen/components' import is restricted from being used. OBC is L7 plugin territory — it may not appear in any PRYZM 2 package outside plugins/ifc-import/"
"packages/core-app-model/src/views/PlanViewService.ts","2","no-restricted-imports","'@thatopen/components' import is restricted from being used. OBC is L7 plugin territory — it may not appear in any PRYZM 2 package outside plugins/ifc-import/"
"packages/core-app-model/src/views/TechnicalDrawingBounds.ts","24","no-restricted-imports","'@thatopen/components' import is restricted from being used. OBC is L7 plugin territory — it may not appear in any PRYZM 2 package outside plugins/ifc-import/"
"packages/core-app-model/src/views/ViewCameraStateStore.ts","1","no-restricted-imports","'@thatopen/components' import is restricted from being used. OBC is L7 plugin territory — it may not appear in any PRYZM 2 package outside plugins/ifc-import/"
"packages/core-app-model/src/views/ViewTechnicalDrawingCache.ts","21","no-restricted-imports","'@thatopen/components' import is restricted from being used. OBC is L7 plugin territory — it may not appear in any PRYZM 2 package outside plugins/ifc-import/"
"packages/file-format/src/export/ifc/ExportIFC.ts","20","no-restricted-imports","'@thatopen/components' import is restricted from being used. OBC is L7 plugin territory — it may not appear in any PRYZM 2 package outside plugins/ifc-import/"
"packages/file-format/src/export/ifc/ExportIFC.ts","158","no-empty","Empty block statement"
"packages/file-format/src/export/sheets/AnnotationDxfBridge.ts","2","no-restricted-imports","'@thatopen/components' import is restricted from being used. OBC is L7 plugin territory — it may not appear in any PRYZM 2 package outside plugins/ifc-import/"
"packages/file-format/src/export/sheets/AnnotationDxfBridge.ts","265","no-empty","Empty block statement"
"packages/file-format/src/export/sheets/DxfExportService.ts","55","no-restricted-imports","'@thatopen/components' import is restricted from being used. OBC is L7 plugin territory — it may not appear in any PRYZM 2 package outside plugins/ifc-import/"
"packages/file-format/src/import/ifc/IfcImporter.ts","228","no-empty","Empty block statement"
"packages/file-format/src/import/ifc/IfcImporter.ts","243","no-empty","Empty block statement"
"packages/file-format/src/import/ifc/IfcImporter.ts","269","no-empty","Empty block statement"
"packages/file-format/src/import/ifc/IfcImporter.ts","295","no-empty","Empty block statement"
"packages/file-format/src/import/ifc/IfcImporter.ts","337","no-empty","Empty block statement"
"packages/file-format/src/import/ifc/IfcImporter.ts","345","no-empty","Empty block statement"
"packages/file-format/src/import/ifc/IfcImporter.ts","420","no-empty","Empty block statement"
"packages/file-format/src/import/ifc/IfcImporter.ts","534","no-empty","Empty block statement"
"packages/file-format/src/import/ifc/IfcImporter.ts","536","no-empty","Empty block statement"
"packages/file-format/src/import/ifc/IfcImporter.ts","554","no-empty","Empty block statement"
"packages/file-format/src/import/ifc/IfcImporter.ts","556","no-empty","Empty block statement"
"packages/file-format/src/import/ifc/IfcImporter.ts","580","no-empty","Empty block statement"
"packages/file-format/src/import/ifc/IfcImporter.ts","582","no-empty","Empty block statement"
"packages/file-format/src/import/ifc/IfcImporter.ts","633","no-empty","Empty block statement"
"packages/file-format/src/import/ifc/IfcImporter.ts","640","no-empty","Empty block statement"
"packages/file-format/src/import/ifc/IfcImporter.ts","642","no-empty","Empty block statement"
"packages/file-format/src/import/ifc/IfcLevelImporter.ts","85","no-empty","Empty block statement"
"packages/file-format/src/import/rhino/RhinoImporter.ts","51","pryzm/no-three-outside-committer","`three/examples/jsm/loaders/3DMLoader.js` is a direct three import forbidden outside packages/renderer-three/.  Use `@pryzm/renderer-three` (barrel) or `@pryzm/renderer-three/three`.  See ADR-005"
"packages/geometry-column/src/ColumnPlanSymbolBuilder.ts","35","no-restricted-imports","'@thatopen/components' import is restricted from being used. OBC is L7 plugin territory — it may not appear in any PRYZM 2 package outside plugins/ifc-import/"
"packages/geometry-column/src/ColumnTool.ts","17","no-restricted-imports","'@thatopen/components' import is restricted from being used. OBC is L7 plugin territory — it may not appear in any PRYZM 2 package outside plugins/ifc-import/"
"packages/geometry-curtain-wall/src/CurtainWallTool.ts","43","no-restricted-imports","'@thatopen/components' import is restricted from being used. OBC is L7 plugin territory — it may not appear in any PRYZM 2 package outside plugins/ifc-import/"
"packages/geometry-door/src/DoorPlanSymbolBuilder.ts","27","no-restricted-imports","'@thatopen/components' import is restricted from being used. OBC is L7 plugin territory — it may not appear in any PRYZM 2 package outside plugins/ifc-import/"
"packages/geometry-door/src/DoorTool.ts","2","no-restricted-imports","'@thatopen/components' import is restricted from being used. OBC is L7 plugin territory — it may not appear in any PRYZM 2 package outside plugins/ifc-import/"
"packages/geometry-furniture/src/FurnitureTool.ts","2","no-restricted-imports","'@thatopen/components' import is restricted from being used. OBC is L7 plugin territory — it may not appear in any PRYZM 2 package outside plugins/ifc-import/"
"packages/geometry-furniture/src/builders/BedPlanSymbolBuilder.ts","41","no-restricted-imports","'@thatopen/components' import is restricted from being used. OBC is L7 plugin territory — it may not appear in any PRYZM 2 package outside plugins/ifc-import/"
"packages/geometry-furniture/src/builders/ChairPlanSymbolBuilder.ts","41","no-restricted-imports","'@thatopen/components' import is restricted from being used. OBC is L7 plugin territory — it may not appear in any PRYZM 2 package outside plugins/ifc-import/"
"packages/geometry-furniture/src/builders/KitchenPlanSymbolBuilder.ts","37","no-restricted-imports","'@thatopen/components' import is restricted from being used. OBC is L7 plugin territory — it may not appear in any PRYZM 2 package outside plugins/ifc-import/"
"packages/geometry-furniture/src/builders/SofaPlanSymbolBuilder.ts","40","no-restricted-imports","'@thatopen/components' import is restricted from being used. OBC is L7 plugin territory — it may not appear in any PRYZM 2 package outside plugins/ifc-import/"
"packages/geometry-furniture/src/builders/TreePlanSymbolBuilder.ts","35","no-restricted-imports","'@thatopen/components' import is restricted from being used. OBC is L7 plugin territory — it may not appear in any PRYZM 2 package outside plugins/ifc-import/"
"packages/geometry-furniture/src/builders/WardrobePlanSymbolBuilder.ts","34","no-restricted-imports","'@thatopen/components' import is restricted from being used. OBC is L7 plugin territory — it may not appear in any PRYZM 2 package outside plugins/ifc-import/"
"packages/geometry-lift/src/LiftTool.ts","36","no-restricted-imports","'@thatopen/components' import is restricted from being used. OBC is L7 plugin territory — it may not appear in any PRYZM 2 package outside plugins/ifc-import/"
"packages/geometry-lighting/src/LightingTool.ts","26","no-restricted-imports","'@thatopen/components' import is restricted from being used. OBC is L7 plugin territory — it may not appear in any PRYZM 2 package outside plugins/ifc-import/"
"packages/geometry-plumbing/src/PlumbingElevationSymbolBuilder.ts","28","no-restricted-imports","'@thatopen/components' import is restricted from being used. OBC is L7 plugin territory — it may not appear in any PRYZM 2 package outside plugins/ifc-import/"
"packages/geometry-plumbing/src/PlumbingPlanSymbolBuilder.ts","30","no-restricted-imports","'@thatopen/components' import is restricted from being used. OBC is L7 plugin territory — it may not appear in any PRYZM 2 package outside plugins/ifc-import/"
"packages/geometry-plumbing/src/PlumbingTool.ts","2","no-restricted-imports","'@thatopen/components' import is restricted from being used. OBC is L7 plugin territory — it may not appear in any PRYZM 2 package outside plugins/ifc-import/"
"packages/geometry-roof/src/RoofSlopeSymbolBuilder.ts","36","no-restricted-imports","'@thatopen/components' import is restricted from being used. OBC is L7 plugin territory — it may not appear in any PRYZM 2 package outside plugins/ifc-import/"
"packages/geometry-roof/src/RoofTool.ts","2","no-restricted-imports","'@thatopen/components' import is restricted from being used. OBC is L7 plugin territory — it may not appear in any PRYZM 2 package outside plugins/ifc-import/"
"packages/geometry-slab/src/SlabPickWallsController.ts","2","no-restricted-imports","'@thatopen/components' import is restricted from being used. OBC is L7 plugin territory — it may not appear in any PRYZM 2 package outside plugins/ifc-import/"
"packages/geometry-slab/src/SlabProfileEditor.ts","2","no-restricted-imports","'@thatopen/components' import is restricted from being used. OBC is L7 plugin territory — it may not appear in any PRYZM 2 package outside plugins/ifc-import/"
"packages/geometry-slab/src/SlabTool.ts","2","no-restricted-imports","'@thatopen/components' import is restricted from being used. OBC is L7 plugin territory — it may not appear in any PRYZM 2 package outside plugins/ifc-import/"
"packages/geometry-slab/src/ceiling/CeilingTool.ts","24","no-restricted-imports","'@thatopen/components' import is restricted from being used. OBC is L7 plugin territory — it may not appear in any PRYZM 2 package outside plugins/ifc-import/"
"packages/geometry-slab/src/floor/FloorTool.ts","28","no-restricted-imports","'@thatopen/components' import is restricted from being used. OBC is L7 plugin territory — it may not appear in any PRYZM 2 package outside plugins/ifc-import/"
"packages/geometry-stair/src/HandrailTool.ts","2","no-restricted-imports","'@thatopen/components' import is restricted from being used. OBC is L7 plugin territory — it may not appear in any PRYZM 2 package outside plugins/ifc-import/"
"packages/geometry-stair/src/StairSymbolTechnicalDrawingBridge.ts","28","no-restricted-imports","'@thatopen/components' import is restricted from being used. OBC is L7 plugin territory — it may not appear in any PRYZM 2 package outside plugins/ifc-import/"
"packages/geometry-wall/src/OpeningTool.ts","30","no-restricted-imports","'@thatopen/components' import is restricted from being used. OBC is L7 plugin territory — it may not appear in any PRYZM 2 package outside plugins/ifc-import/"
"packages/geometry-wall/src/WallFragmentBuilder.ts","847","no-empty","Empty block statement"
"packages/geometry-wall/src/WallFragmentBuilder.ts","848","no-empty","Empty block statement"
"packages/geometry-wall/src/WallFragmentBuilder.ts","849","no-empty","Empty block statement"
"packages/geometry-wall/src/WallLayerPlanSymbolBuilder.ts","21","no-restricted-imports","'@thatopen/components' import is restricted from being used. OBC is L7 plugin territory — it may not appear in any PRYZM 2 package outside plugins/ifc-import/"
"packages/geometry-wall/src/WallTool.ts","3","no-restricted-imports","'@thatopen/components' import is restricted from being used. OBC is L7 plugin territory — it may not appear in any PRYZM 2 package outside plugins/ifc-import/"
"packages/geometry-window/src/WindowPlanSymbolBuilder.ts","65","no-restricted-imports","'@thatopen/components' import is restricted from being used. OBC is L7 plugin territory — it may not appear in any PRYZM 2 package outside plugins/ifc-import/"
"packages/geometry-window/src/WindowTool.ts","2","no-restricted-imports","'@thatopen/components' import is restricted from being used. OBC is L7 plugin territory — it may not appear in any PRYZM 2 package outside plugins/ifc-import/"
"packages/input-host/src/BaseTool.ts","2","no-restricted-imports","'@thatopen/components' import is restricted from being used. OBC is L7 plugin territory — it may not appear in any PRYZM 2 package outside plugins/ifc-import/"
"packages/input-host/src/BeamTool.ts","2","no-restricted-imports","'@thatopen/components' import is restricted from being used. OBC is L7 plugin territory — it may not appear in any PRYZM 2 package outside plugins/ifc-import/"
"packages/input-host/src/OpeningTool.ts","30","no-restricted-imports","'@thatopen/components' import is restricted from being used. OBC is L7 plugin territory — it may not appear in any PRYZM 2 package outside plugins/ifc-import/"
"packages/input-host/src/SelectionManager.ts","3","no-restricted-imports","'@thatopen/components' import is restricted from being used. OBC is L7 plugin territory — it may not appear in any PRYZM 2 package outside plugins/ifc-import/"
"packages/input-host/src/operations/ReferenceEditTool.ts","146","no-empty","Empty block statement"
"packages/input-host/src/operations/ReferenceEditTool.ts","160","no-empty","Empty block statement"
"packages/input-host/src/types.ts","2","no-restricted-imports","'@thatopen/components' import is restricted from being used. OBC is L7 plugin territory — it may not appear in any PRYZM 2 package outside plugins/ifc-import/"
"packages/ordinance-extraction/src/ingest/normalize.ts","96","no-irregular-whitespace","Irregular whitespace not allowed"
"packages/ordinance-extraction/src/ingest/normalize.ts","97","no-irregular-whitespace","Irregular whitespace not allowed"
"packages/ordinance-extraction/src/ingest/normalize.ts","97","no-misleading-character-class","Unexpected joined character sequence in character class"
"packages/ordinance-extraction/src/ingest/normalize.ts","97","no-irregular-whitespace","Irregular whitespace not allowed"
"packages/persistence-client/src/loader/ProjectLoader.ts","1081","no-empty","Empty block statement"
"packages/renderer-three/src/RendererHandle.ts","16","pryzm/no-three-outside-committer","`three` is a direct three import forbidden outside packages/renderer-three/.  Use `@pryzm/renderer-three` (barrel) or `@pryzm/renderer-three/three`.  See ADR-005"
"packages/renderer-three/src/adapters/WebGLRendererAdapter.ts","15","pryzm/no-three-outside-committer","`three` is a direct three import forbidden outside packages/renderer-three/.  Use `@pryzm/renderer-three` (barrel) or `@pryzm/renderer-three/three`.  See ADR-005"
"packages/renderer-three/src/adapters/WebGPURendererAdapter.ts","26","pryzm/no-three-outside-committer","`three` is a direct three import forbidden outside packages/renderer-three/.  Use `@pryzm/renderer-three` (barrel) or `@pryzm/renderer-three/three`.  See ADR-005"
"packages/renderer-three/src/adapters/WebGPURendererAdapter.ts","135","pryzm/no-three-outside-committer","`three/webgpu` is a direct three import forbidden outside packages/renderer-three/.  Use `@pryzm/renderer-three` (barrel) or `@pryzm/renderer-three/three`.  See ADR-005"
"packages/renderer-three/src/geospatial/CesiumThreeBridge.ts","18","pryzm/no-three-outside-committer","`three` is a direct three import forbidden outside packages/renderer-three/.  Use `@pryzm/renderer-three` (barrel) or `@pryzm/renderer-three/three`.  See ADR-005"
"packages/renderer-three/src/pipeline/OutlinePass.ts","98","pryzm/no-three-outside-committer","`three/examples/jsm/tsl/display/OutlineNode.js` is a direct three import forbidden outside packages/renderer-three/.  Use `@pryzm/renderer-three` (barrel) or `@pryzm/renderer-three/three`.  See ADR-005"
"packages/renderer-three/src/pipeline/RenderPipelineManager.ts","2162","pryzm/no-three-outside-committer","`three/tsl` is a direct three import forbidden outside packages/renderer-three/.  Use `@pryzm/renderer-three` (barrel) or `@pryzm/renderer-three/three`.  See ADR-005"
"packages/renderer-three/src/pipeline/RenderPipelineManager.ts","2191","pryzm/no-three-outside-committer","`three/webgpu` is a direct three import forbidden outside packages/renderer-three/.  Use `@pryzm/renderer-three` (barrel) or `@pryzm/renderer-three/three`.  See ADR-005"
"packages/renderer-three/src/pipeline/RenderPipelineManager.ts","2274","pryzm/no-three-outside-committer","`three/webgpu` is a direct three import forbidden outside packages/renderer-three/.  Use `@pryzm/renderer-three` (barrel) or `@pryzm/renderer-three/three`.  See ADR-005"
"packages/renderer-three/src/pipeline/RenderPipelineManager.ts","2828","pryzm/no-three-outside-committer","`three/webgpu` is a direct three import forbidden outside packages/renderer-three/.  Use `@pryzm/renderer-three` (barrel) or `@pryzm/renderer-three/three`.  See ADR-005"
"packages/renderer-three/src/pipeline/SSGIPass.ts","147","pryzm/no-three-outside-committer","`three/examples/jsm/tsl/display/SSGINode.js` is a direct three import forbidden outside packages/renderer-three/.  Use `@pryzm/renderer-three` (barrel) or `@pryzm/renderer-three/three`.  See ADR-005"
"packages/renderer-three/src/pipeline/SSGIPass.ts","178","pryzm/no-three-outside-committer","`three/examples/jsm/tsl/display/DenoiseNode.js` is a direct three import forbidden outside packages/renderer-three/.  Use `@pryzm/renderer-three` (barrel) or `@pryzm/renderer-three/three`.  See ADR-005"
"packages/renderer-three/src/pipeline/TRAAPass.ts","81","pryzm/no-three-outside-committer","`three/examples/jsm/tsl/display/TRAANode.js` is a direct three import forbidden outside packages/renderer-three/.  Use `@pryzm/renderer-three` (barrel) or `@pryzm/renderer-three/three`.  See ADR-005"
"packages/renderer-three/src/three-webgpu-types.d.ts","29","pryzm/no-three-outside-committer","`three` is a direct three import forbidden outside packages/renderer-three/.  Use `@pryzm/renderer-three` (barrel) or `@pryzm/renderer-three/three`.  See ADR-005"
"packages/view-state/src/ViewController.ts","168","no-empty","Empty block statement"
"packages/view-state/src/ViewController.ts","176","no-empty","Empty block statement"
"plugins/annotations/src/AnnotationManager.ts","16","no-restricted-imports","'@thatopen/components' import is restricted from being used. OBC is L7 plugin territory — it may not appear in any PRYZM 2 package outside plugins/ifc-import/"
"plugins/annotations/src/OBCAnnotationAdapter.ts","9","no-restricted-imports","'@thatopen/components' import is restricted from being used. OBC is L7 plugin territory — it may not appear in any PRYZM 2 package outside plugins/ifc-import/"
"plugins/annotations/src/tools/AngularDimensionAnnotationTool.ts","21","no-restricted-imports","'@thatopen/components' import is restricted from being used. OBC is L7 plugin territory — it may not appear in any PRYZM 2 package outside plugins/ifc-import/"
"plugins/annotations/src/tools/CalloutDetailTool.ts","22","no-restricted-imports","'@thatopen/components' import is restricted from being used. OBC is L7 plugin territory — it may not appear in any PRYZM 2 package outside plugins/ifc-import/"
"plugins/annotations/src/tools/DiameterDimensionTool.ts","24","no-restricted-imports","'@thatopen/components' import is restricted from being used. OBC is L7 plugin territory — it may not appear in any PRYZM 2 package outside plugins/ifc-import/"
"plugins/annotations/src/tools/DoorTagTool.ts","21","no-restricted-imports","'@thatopen/components' import is restricted from being used. OBC is L7 plugin territory — it may not appear in any PRYZM 2 package outside plugins/ifc-import/"
"plugins/annotations/src/tools/ElementTagTool.ts","21","no-restricted-imports","'@thatopen/components' import is restricted from being used. OBC is L7 plugin territory — it may not appear in any PRYZM 2 package outside plugins/ifc-import/"
"plugins/annotations/src/tools/ElevationMarkTool.ts","22","no-restricted-imports","'@thatopen/components' import is restricted from being used. OBC is L7 plugin territory — it may not appear in any PRYZM 2 package outside plugins/ifc-import/"
"plugins/annotations/src/tools/GridBubbleTool.ts","26","no-restricted-imports","'@thatopen/components' import is restricted from being used. OBC is L7 plugin territory — it may not appear in any PRYZM 2 package outside plugins/ifc-import/"
"plugins/annotations/src/tools/KeynoteTool.ts","19","no-restricted-imports","'@thatopen/components' import is restricted from being used. OBC is L7 plugin territory — it may not appear in any PRYZM 2 package outside plugins/ifc-import/"
"plugins/annotations/src/tools/LevelDatumLineBuilder.ts","31","no-restricted-imports","'@thatopen/components' import is restricted from being used. OBC is L7 plugin territory — it may not appear in any PRYZM 2 package outside plugins/ifc-import/"
"plugins/annotations/src/tools/LevelTagTool.ts","25","no-restricted-imports","'@thatopen/components' import is restricted from being used. OBC is L7 plugin territory — it may not appear in any PRYZM 2 package outside plugins/ifc-import/"
"plugins/annotations/src/tools/LinearDimensionAnnotationTool.ts","32","no-restricted-imports","'@thatopen/components' import is restricted from being used. OBC is L7 plugin territory — it may not appear in any PRYZM 2 package outside plugins/ifc-import/"
"plugins/annotations/src/tools/MatchlineTool.ts","21","no-restricted-imports","'@thatopen/components' import is restricted from being used. OBC is L7 plugin territory — it may not appear in any PRYZM 2 package outside plugins/ifc-import/"
"plugins/annotations/src/tools/NorthArrowTool.ts","18","no-restricted-imports","'@thatopen/components' import is restricted from being used. OBC is L7 plugin territory — it may not appear in any PRYZM 2 package outside plugins/ifc-import/"
"plugins/annotations/src/tools/RadiusDimensionTool.ts","24","no-restricted-imports","'@thatopen/components' import is restricted from being used. OBC is L7 plugin territory — it may not appear in any PRYZM 2 package outside plugins/ifc-import/"
"plugins/annotations/src/tools/RevisionCloudTool.ts","20","no-restricted-imports","'@thatopen/components' import is restricted from being used. OBC is L7 plugin territory — it may not appear in any PRYZM 2 package outside plugins/ifc-import/"
"plugins/annotations/src/tools/ScaleBarTool.ts","18","no-restricted-imports","'@thatopen/components' import is restricted from being used. OBC is L7 plugin territory — it may not appear in any PRYZM 2 package outside plugins/ifc-import/"
"plugins/annotations/src/tools/SectionGridLineBuilder.ts","36","no-restricted-imports","'@thatopen/components' import is restricted from being used. OBC is L7 plugin territory — it may not appear in any PRYZM 2 package outside plugins/ifc-import/"
"plugins/annotations/src/tools/SectionMarkTool.ts","22","no-restricted-imports","'@thatopen/components' import is restricted from being used. OBC is L7 plugin territory — it may not appear in any PRYZM 2 package outside plugins/ifc-import/"
"plugins/annotations/src/tools/SlopeDimensionTool.ts","25","no-restricted-imports","'@thatopen/components' import is restricted from being used. OBC is L7 plugin territory — it may not appear in any PRYZM 2 package outside plugins/ifc-import/"
"plugins/annotations/src/tools/SpotElevationAnnotationTool.ts","17","no-restricted-imports","'@thatopen/components' import is restricted from being used. OBC is L7 plugin territory — it may not appear in any PRYZM 2 package outside plugins/ifc-import/"
"plugins/annotations/src/tools/TextNoteTool.ts","14","no-restricted-imports","'@thatopen/components' import is restricted from being used. OBC is L7 plugin territory — it may not appear in any PRYZM 2 package outside plugins/ifc-import/"
"plugins/annotations/src/tools/WindowTagTool.ts","21","no-restricted-imports","'@thatopen/components' import is restricted from being used. OBC is L7 plugin territory — it may not appear in any PRYZM 2 package outside plugins/ifc-import/"
"plugins/pool/src/handlers/CreatePool.ts","101","pryzm/store-single-channel","CreatePoolHandler lists 4 stores in `affectedStores` [pool, wall, slab, water]. Each handler may only write to a single store — compose cross-store mutations via plugin-host cascade rules instead"
"plugins/pool/src/handlers/DeletePool.ts","71","pryzm/store-single-channel","DeletePoolHandler lists 4 stores in `affectedStores` [pool, wall, slab, water]. Each handler may only write to a single store — compose cross-store mutations via plugin-host cascade rules instead"
"plugins/wall/src/handlers/UpdateWallSystemType.ts","35","no-unused-vars","'createWriteStream' is defined but never used. Allowed unused vars must match /^_/u"
"plugins/wall/src/handlers/UpdateWallSystemType.ts","130","no-unused-vars","'prov' is assigned a value but never used. Allowed unused vars must match /^_/u"
"plugins/wall/src/handlers/UpdateWallSystemType.ts","33","no-unused-vars","'readJson' is defined but never used. Allowed unused vars must match /^_/u"
"plugins/wall/src/handlers/UpdateWallSystemType.ts","33","no-unused-vars","'countOnly' is defined but never used. Allowed unused vars must match /^_/u"
"plugins/wall/src/handlers/UpdateWallSystemType.ts","179","no-unused-vars","'PUBLISHED_INE' is assigned a value but never used. Allowed unused vars must match /^_/u"
"plugins/wall/src/handlers/UpdateWallSystemType.ts","9","no-unused-vars","'get' is defined but never used. Allowed unused vars must match /^_/u"
"plugins/wall/src/handlers/UpdateWallSystemType.ts","80","no-useless-escape","Unnecessary escape character: \-"
"plugins/wall/src/handlers/UpdateWallSystemType.ts","4","no-unused-vars","'getJson' is defined but never used. Allowed unused vars must match /^_/u"
"plugins/wall/src/handlers/UpdateWallSystemType.ts","4","no-unused-vars","'isValid' is defined but never used. Allowed unused vars must match /^_/u"
"plugins/wall/src/handlers/UpdateWallSystemType.ts","20","no-unused-vars","'expect' is assigned a value but never used. Allowed unused args must match /^_/u"
"plugins/wall/src/handlers/UpdateWallSystemType.ts","140","no-unused-vars","'depth' is assigned a value but never used. Allowed unused vars must match /^_/u"
"plugins/wall/src/handlers/UpdateWallSystemType.ts","25","no-unused-vars","'sleep' is defined but never used. Allowed unused vars must match /^_/u"
"plugins/wall/src/handlers/UpdateWallSystemType.ts","105","no-unused-vars","'armCUrls' is assigned a value but never used. Allowed unused vars must match /^_/u"
"plugins/wall/src/handlers/UpdateWallSystemType.ts","153","no-unused-vars","'wid' is defined but never used. Allowed unused args must match /^_/u"
"plugins/wall/src/handlers/UpdateWallSystemType.ts","245","no-unused-vars","'allFitxaTotal' is assigned a value but never used. Allowed unused vars must match /^_/u"
"plugins/wall/src/handlers/UpdateWallSystemType.ts","88","no-unused-vars","'invByUrl' is assigned a value but never used. Allowed unused vars must match /^_/u"
"plugins/wall/src/handlers/UpdateWallSystemType.ts","180","no-unused-vars","'M_UNIT' is assigned a value but never used. Allowed unused vars must match /^_/u"
"plugins/wall/src/handlers/UpdateWallSystemType.ts","28","no-unused-vars","'HERE' is assigned a value but never used. Allowed unused vars must match /^_/u"
"plugins/wall/src/handlers/UpdateWallSystemType.ts","24","no-unused-vars","'count' is defined but never used. Allowed unused vars must match /^_/u"
"plugins/wall/src/handlers/UpdateWallSystemType.ts","16","no-unused-vars","'queryRows' is defined but never used. Allowed unused vars must match /^_/u"
"plugins/wall/src/handlers/UpdateWallSystemType.ts","26","no-unused-vars","'normName' is defined but never used. Allowed unused vars must match /^_/u"
"plugins/wall/src/handlers/UpdateWallSystemType.ts","7","no-unused-vars","'statSync' is defined but never used. Allowed unused vars must match /^_/u"
"plugins/wall/src/handlers/UpdateWallSystemType.ts","41","no-unused-vars","'nonB' is assigned a value but never used. Allowed unused vars must match /^_/u"
"plugins/wall/src/handlers/UpdateWallSystemType.ts","35","no-unused-vars","'createWriteStream' is defined but never used. Allowed unused vars must match /^_/u"
"plugins/wall/src/handlers/UpdateWallSystemType.ts","95","no-unused-vars","'prov' is assigned a value but never used. Allowed unused vars must match /^_/u"
"plugins/wall/src/handlers/UpdateWallSystemType.ts","5","no-unused-vars","'BROWSER' is assigned a value but never used. Allowed unused vars must match /^_/u"
"plugins/wall/src/handlers/UpdateWallSystemType.ts","27","no-unused-vars","'e' is defined but never used"
"plugins/wall/src/handlers/UpdateWallSystemType.ts","26","no-unused-vars","'appendFileSync' is defined but never used. Allowed unused vars must match /^_/u"
"plugins/wall/src/handlers/UpdateWallSystemType.ts","30","no-unused-vars","'PACKED_FAMILIES' is defined but never used. Allowed unused vars must match /^_/u"
"plugins/wall/src/handlers/UpdateWallSystemType.ts","30","no-unused-vars","'GENERICA_FAMILIES' is defined but never used. Allowed unused vars must match /^_/u"
"plugins/wall/src/handlers/UpdateWallSystemType.ts","30","no-unused-vars","'REMITTED_FAMILIES' is defined but never used. Allowed unused vars must match /^_/u"
"plugins/wall/src/handlers/UpdateWallSystemType.ts","30","no-unused-vars","'REFUSED_DIRECT_FAMILIES' is defined but never used. Allowed unused vars must match /^_/u"
"plugins/wall/src/handlers/UpdateWallSystemType.ts","32","no-empty","Empty block statement"
"plugins/wall/src/handlers/UpdateWallSystemType.ts","43","no-unused-vars","'m' is assigned a value but never used. Allowed unused vars must match /^_/u"
"plugins/wall/src/handlers/UpdateWallSystemType.ts","22","no-useless-escape","Unnecessary escape character: \-"
"plugins/wall/src/handlers/UpdateWallSystemType.ts","21","no-useless-escape","Unnecessary escape character: \-"
"plugins/wall/src/handlers/UpdateWallSystemType.ts","38","no-empty","Empty block statement"
"plugins/wall/src/handlers/UpdateWallSystemType.ts","47","no-unused-vars","'PROD_ALC' is assigned a value but never used. Allowed unused vars must match /^_/u"
"plugins/wall/src/handlers/UpdateWallSystemType.ts","35","no-unused-vars","'existsSync' is defined but never used. Allowed unused vars must match /^_/u"
"plugins/wall/src/handlers/UpdateWallSystemType.ts","189","no-unused-vars","'blockers' is assigned a value but never used. Allowed unused vars must match /^_/u"
"plugins/wall/src/handlers/UpdateWallSystemType.ts","194","no-unused-vars","'svcMeta' is assigned a value but never used. Allowed unused vars must match /^_/u"
"plugins/wall/src/handlers/UpdateWallSystemType.ts","195","no-unused-vars","'layer16Meta' is assigned a value but never used. Allowed unused vars must match /^_/u"
"tools/context-bake/__tests__/mdsBboxCoversTerrainRegion.spec.ts","1124","no-unused-vars","'RADII' is assigned a value but never used. Allowed unused vars must match /^_/u"
"tools/context-bake/__tests__/mdsBboxCoversTerrainRegion.spec.ts","1621","no-unused-vars","'bx' is assigned a value but never used. Allowed unused vars must match /^_/u"
"tools/ga-gate/check-otel-spans.ts","165","no-unused-vars","'joinedDev' is assigned a value but never used. Allowed unused vars must match /^_/u"
"tools/ga-gate/check-otel-spans.ts","12","no-unused-vars","'wfsCount' is defined but never used. Allowed unused vars must match /^_/u"
"tools/ga-gate/check-otel-spans.ts","17","no-unused-vars","'wfsCount' is defined but never used. Allowed unused vars must match /^_/u"
"tools/ga-gate/check-otel-spans.ts","11","no-unused-vars","'sleep' is defined but never used. Allowed unused vars must match /^_/u"
"tools/ga-gate/check-otel-spans.ts","11","no-unused-vars","'UA' is defined but never used. Allowed unused vars must match /^_/u"
"tools/ga-gate/check-otel-spans.ts","16","no-unused-vars","'wfsJson' is defined but never used. Allowed unused vars must match /^_/u"
"tools/ga-gate/check-otel-spans.ts","118","no-control-regex","Unexpected control character(s) in regular expression: \x01"
"tools/ga-gate/check-otel-spans.ts","25","no-unused-vars","'assertSums' is defined but never used. Allowed unused vars must match /^_/u"
"tools/ga-gate/check-otel-spans.ts","14","no-unused-vars","'sha256' is defined but never used. Allowed unused vars must match /^_/u"
"tools/ga-gate/check-otel-spans.ts","66","no-unused-vars","'muni' is assigned a value but never used. Allowed unused vars must match /^_/u"
"tools/ga-gate/check-otel-spans.ts","151","no-useless-escape","Unnecessary escape character: \/"
"tools/ga-gate/check-otel-spans.ts","22","no-unused-vars","'wfsJson' is defined but never used. Allowed unused vars must match /^_/u"
"tools/ga-gate/check-otel-spans.ts","28","no-unused-vars","'O' is assigned a value but never used. Allowed unused vars must match /^_/u"
"tools/ga-gate/check-otel-spans.ts","34","no-unused-vars","'s12' is assigned a value but never used. Allowed unused vars must match /^_/u"
"tools/ga-gate/check-otel-spans.ts","67","no-useless-escape","Unnecessary escape character: \/"
"tools/ga-gate/check-otel-spans.ts","12","no-unused-vars","'s1' is assigned a value but never used. Allowed unused vars must match /^_/u"
"tools/ga-gate/check-otel-spans.ts","14","no-unused-vars","'s6' is assigned a value but never used. Allowed unused vars must match /^_/u"
"tools/ga-gate/check-otel-spans.ts","15","no-unused-vars","'s8' is assigned a value but never used. Allowed unused vars must match /^_/u"
"tools/ga-gate/check-otel-spans.ts","29","no-unused-vars","'assertSums' is defined but never used. Allowed unused vars must match /^_/u"
"tools/ga-gate/check-otel-spans.ts","113","no-unused-vars","'e' is defined but never used"
"tools/ga-gate/check-otel-spans.ts","67","no-unused-vars","'DOWNLOAD_TIMEOUT' is assigned a value but never used. Allowed unused vars must match /^_/u"
"tools/ga-gate/check-otel-spans.ts","71","no-unused-vars","'t' is assigned a value but never used. Allowed unused vars must match /^_/u"
"tools/ga-gate/check-otel-spans.ts","120","no-useless-escape","Unnecessary escape character: \'"
"tools/ga-gate/check-otel-spans.ts","120","no-useless-escape","Unnecessary escape character: \'"
"tools/spanish-genome-probe/arcgisCrawler.ts","216","no-unused-vars","'ringArea' is defined but never used. Allowed unused vars must match /^_/u"
"tools/spanish-genome-probe/arcgisCrawler.ts","14","no-unused-vars","'WFS' is defined but never used. Allowed unused vars must match /^_/u"
"tools/spanish-genome-probe/arcgisCrawler.ts","22","no-unused-vars","'sniff' is defined but never used. Allowed unused vars must match /^_/u"
"tools/spanish-genome-probe/arcgisCrawler.ts","18","no-unused-vars","'parseFeatures' is defined but never used. Allowed unused vars must match /^_/u"
"tools/spanish-genome-probe/arcgisCrawler.ts","10","no-unused-vars","'BASE' is defined but never used. Allowed unused vars must match /^_/u"
"tools/spanish-genome-probe/arcgisCrawler.ts","4","no-unused-vars","'parseFeatures' is defined but never used. Allowed unused vars must match /^_/u"
"tools/spanish-genome-probe/arcgisCrawler.ts","45","no-useless-escape","Unnecessary escape character: \["
"tools/spanish-genome-probe/arcgisCrawler.ts","16","no-unused-vars","'parseFeatures' is defined but never used. Allowed unused vars must match /^_/u"
"tools/spanish-genome-probe/arcgisCrawler.ts","20","no-unused-vars","'WFS' is defined but never used. Allowed unused vars must match /^_/u"
"tools/spanish-genome-probe/arcgisCrawler.ts","10","no-unused-vars","'fs' is defined but never used. Allowed unused vars must match /^_/u"
"tools/spanish-genome-probe/arcgisCrawler.ts","11","no-unused-vars","'path' is defined but never used. Allowed unused vars must match /^_/u"
"tools/spanish-genome-probe/arcgisCrawler.ts","12","no-unused-vars","'head' is defined but never used. Allowed unused vars must match /^_/u"
"tools/spanish-genome-probe/arcgisCrawler.ts","12","no-unused-vars","'DIR' is defined but never used. Allowed unused vars must match /^_/u"
"tools/spanish-genome-probe/arcgisCrawler.ts","18","no-unused-vars","'DIR' is defined but never used. Allowed unused vars must match /^_/u"
"tools/spanish-genome-probe/arcgisCrawler.ts","60","no-useless-escape","Unnecessary escape character: \-"
"tools/spanish-genome-probe/arcgisCrawler.ts","40","no-useless-escape","Unnecessary escape character: \-"
"tools/spanish-genome-probe/arcgisCrawler.ts","25","no-unused-vars","'WFS' is defined but never used. Allowed unused vars must match /^_/u"
"tools/spanish-genome-probe/arcgisCrawler.ts","25","no-unused-vars","'countMembers' is defined but never used. Allowed unused vars must match /^_/u"
